,Energy,Trip,Style,Motor_Way,City,Country_Road,Tire_Type,Consumptions
0,0.0,0.0,[],,,,[],[]
1,9.9,20.0,['Normal'],1.0,1.0,1.0,['Summer tires'],[]
2,14.3,189.0,['Normal'],1.0,1.0,1.0,['Summer tires'],12.27
3,16.28,105.0,['Normal'],1.0,1.0,1.0,['Summer tires'],12.27
4,9.9,20.0,['Normal'],1.0,1.0,1.0,['Summer tires'],12.27
5,8.68,91.0,['Normal'],1.0,1.0,1.0,['Summer tires'],12.27
6,12.8,100.0,['Normal'],1.0,1.0,1.0,['Summer tires'],12.27
7,22.0,64.0,['Normal'],0.0,1.0,1.0,['Summer tires'],16.54
8,7.14,69.0,['Normal'],0.0,1.0,1.0,['Summer tires'],16.54
9,12.55,119.0,['Normal'],0.0,1.0,1.0,['Summer tires'],16.54
10,15.9,147.0,['Normal'],0.0,1.0,1.0,['Summer tires'],9.24
11,8.3,115.0,['Normal'],0.0,1.0,1.0,['Summer tires'],9.24
12,11.2,125.0,['Normal'],0.0,1.0,1.0,['Summer tires'],8.96
13,16.2,43.0,['Normal'],0.0,1.0,1.0,['Summer tires'],16.48
14,8.8,60.0,['Normal'],0.0,1.0,1.0,['Summer tires'],16.48
15,13.4,56.0,['Normal'],0.0,1.0,1.0,['Summer tires'],16.48
16,9.9,7.0,['Normal'],0.0,1.0,1.0,['Summer tires'],16.48
17,0.66,131.0,['Normal'],0.0,1.0,1.0,['Summer tires'],16.48
18,17.4,145.0,['Normal'],1.0,1.0,1.0,['Summer tires'],10.32
19,6.6,48.0,['Normal'],1.0,1.0,1.0,['Summer tires'],10.32
20,5.0,88.0,['Normal'],1.0,1.0,1.0,['Summer tires'],10.32
21,18.5,77.0,['Normal'],1.0,1.0,1.0,['Summer tires'],12.18
22,10.0,31.0,['Normal'],1.0,1.0,1.0,['Summer tires'],12.18
23,5.0,104.0,['Normal'],1.0,1.0,1.0,['Summer tires'],12.18
24,5.0,104.0,['Normal'],1.0,1.0,1.0,['Summer tires'],12.18
25,6.3,24.0,['Normal'],1.0,1.0,1.0,['Summer tires'],14.28
26,11.85,93.0,['Normal'],1.0,1.0,1.0,['Summer tires'],14.28
27,11.85,93.0,['Normal'],1.0,1.0,1.0,['Summer tires'],14.28
28,4.11,3.0,['Normal'],1.0,1.0,1.0,['Summer tires'],14.28
29,2.3,42.0,['Normal'],1.0,1.0,1.0,['Summer tires'],14.28
30,14.5,154.0,['Normal'],1.0,1.0,1.0,['Summer tires'],9.42
31,0.0,0.0,[],,,,[],9.42
32,27.72,125.0,['Normal'],1.0,1.0,1.0,['Summer tires'],22.18
33,4.8,10.0,['Normal'],0.0,1.0,1.0,['Summer tires'],48.0
34,11.7,86.0,['Normal'],0.0,1.0,1.0,['Summer tires'],13.6
35,4.62,67.0,['Normal'],0.0,1.0,1.0,['Summer tires'],14.52
36,12.0,10.0,['Normal'],0.0,1.0,1.0,['Summer tires'],14.52
37,8.0,69.0,['Normal'],0.0,1.0,1.0,['Summer tires'],14.52
38,6.6,69.0,['Normal'],0.0,1.0,1.0,['Summer tires'],14.52
39,6.7,31.0,['Normal'],0.0,1.0,1.0,['Winter tires'],21.61
40,2.8,10.0,['Normal'],0.0,1.0,1.0,['Winter tires'],18.39
41,2.9,21.0,['Normal'],0.0,1.0,1.0,['Winter tires'],18.39
42,5.4,34.0,['Normal'],0.0,1.0,1.0,['Winter tires'],15.88
43,5.4,34.0,['Normal'],0.0,1.0,1.0,['Winter tires'],15.88
44,19.2,69.0,['Normal'],0.0,1.0,1.0,['Winter tires'],17.36
45,5.0,65.0,['Normal'],0.0,1.0,1.0,['Winter tires'],17.36
46,6.4,28.0,['Normal'],0.0,1.0,1.0,['Winter tires'],17.36
47,9.5,69.0,['Normal'],0.0,1.0,1.0,['Winter tires'],17.36
48,3.3,22.0,['Normal'],0.0,1.0,1.0,['Winter tires'],15.0
49,1.3,23.0,['Normal'],0.0,1.0,1.0,['Winter tires'],9.63
50,5.8,100.0,['Normal'],0.0,1.0,1.0,['Winter tires'],9.63
51,11.22,30.0,['Normal'],0.0,1.0,1.0,['Winter tires'],9.63
52,4.0,63.0,['Normal'],0.0,1.0,1.0,['Winter tires'],9.63
53,4.4,50.0,['Normal'],0.0,1.0,1.0,['Winter tires'],9.63
54,7.4,108.0,['Normal'],0.0,1.0,1.0,['Winter tires'],9.63
55,4.6,93.0,['Normal'],0.0,1.0,1.0,['Winter tires'],9.63
56,15.4,95.0,['Normal'],0.0,1.0,1.0,['Winter tires'],9.63
57,16.5,101.0,['Normal'],0.0,1.0,1.0,['Winter tires'],16.34
58,17.82,23.0,['Normal'],0.0,1.0,1.0,['Winter tires'],18.03
59,8.14,121.0,['Normal'],0.0,1.0,1.0,['Winter tires'],18.03
60,17.38,95.0,['Normal'],0.0,1.0,1.0,['Winter tires'],18.29
61,8.8,47.0,['Normal'],0.0,1.0,1.0,['Winter tires'],18.72
62,0.0,0.0,[],,,,[],18.72
63,17.6,52.0,['Normal'],0.0,1.0,1.0,['Winter tires'],17.58
64,2.09,60.0,['Normal'],0.0,1.0,1.0,['Winter tires'],17.58
65,16.0,50.0,['Normal'],0.0,1.0,1.0,['Winter tires'],17.44
66,7.1,20.0,['Normal'],0.0,1.0,1.0,['Winter tires'],17.44
67,4.2,17.0,['Normal'],0.0,1.0,1.0,['Winter tires'],17.44
68,2.7,85.0,['Normal'],0.0,1.0,1.0,['Winter tires'],17.44
69,10.1,47.0,['Normal'],0.0,1.0,1.0,['Winter tires'],21.49
70,14.0,80.0,['Normal'],0.0,1.0,1.0,['Winter tires'],17.5
71,15.2,80.0,['Normal'],0.0,1.0,1.0,['Winter tires'],19.0
72,15.2,80.0,['Normal'],0.0,1.0,1.0,['Winter tires'],19.0
73,7.54,23.0,['Normal'],0.0,1.0,1.0,['Winter tires'],17.48
74,6.8,37.0,['Normal'],0.0,1.0,1.0,['Winter tires'],17.48
75,11.0,59.0,['Normal'],0.0,1.0,1.0,['Winter tires'],17.48
76,8.4,74.0,['Normal'],0.0,1.0,1.0,['Winter tires'],17.48
77,14.0,75.0,['Normal'],0.0,1.0,1.0,['Winter tires'],18.67
78,16.9,94.0,['Normal'],0.0,1.0,1.0,['Winter tires'],17.98
79,10.7,36.0,['Normal'],0.0,1.0,1.0,['Winter tires'],17.22
80,9.1,79.0,['Normal'],0.0,1.0,1.0,['Winter tires'],17.22
81,10.0,41.0,['Normal'],0.0,1.0,1.0,['Winter tires'],19.71
82,3.6,28.0,['Normal'],0.0,1.0,1.0,['Winter tires'],19.71
83,9.4,48.0,['Normal'],0.0,1.0,1.0,['Winter tires'],19.58
84,15.1,90.0,['Normal'],0.0,1.0,1.0,['Winter tires'],16.78
85,4.6,44.0,['Normal'],0.0,1.0,1.0,['Winter tires'],10.45
86,22.3,47.0,['Normal'],0.0,1.0,1.0,['Winter tires'],18.9
87,3.8,80.0,['Normal'],0.0,1.0,1.0,['Winter tires'],18.9
88,16.98,66.0,['Normal'],0.0,1.0,1.0,['Winter tires'],18.9
89,5.67,65.0,['Normal'],0.0,1.0,1.0,['Winter tires'],18.9
90,17.4,60.0,['Normal'],0.0,1.0,1.0,['Winter tires'],19.11
91,14.7,108.0,['Normal'],0.0,1.0,1.0,['Winter tires'],19.11
92,16.0,46.0,['Normal'],0.0,1.0,1.0,['Winter tires'],19.35
93,0.0,0.0,[],,,,[],19.35
94,7.0,73.0,['Normal'],0.0,1.0,1.0,['Winter tires'],19.35
95,10.3,33.0,['Normal'],0.0,1.0,1.0,['Winter tires'],19.35
96,10.0,41.0,['Normal'],0.0,1.0,1.0,['Winter tires'],19.35
97,4.1,52.0,['Normal'],0.0,1.0,1.0,['Winter tires'],19.35
98,6.67,25.0,['Normal'],0.0,1.0,1.0,['Winter tires'],16.11
99,10.66,2.0,['Normal'],0.0,1.0,1.0,['Winter tires'],16.11
100,6.4,59.0,['Normal'],0.0,1.0,1.0,['Winter tires'],16.11
101,1.4,70.0,['Normal'],0.0,1.0,1.0,['Winter tires'],16.11
102,6.0,35.0,['Normal'],0.0,1.0,1.0,['Winter tires'],17.14
103,21.97,109.0,['Normal'],0.0,1.0,1.0,['Winter tires'],15.25
104,16.1,42.0,['Normal'],0.0,1.0,1.0,['Winter tires'],15.25
105,3.9,4.0,['Normal'],0.0,1.0,1.0,['Winter tires'],15.25
106,9.9,70.0,['Normal'],0.0,1.0,1.0,['Winter tires'],15.25
107,11.0,32.0,['Normal'],0.0,1.0,1.0,['Winter tires'],15.25
108,7.1,75.0,['Normal'],0.0,1.0,1.0,['Winter tires'],15.25
109,7.4,154.0,['Normal'],0.0,1.0,1.0,['Winter tires'],15.25
110,13.36,109.0,['Normal'],0.0,1.0,1.0,['Winter tires'],15.25
111,8.1,30.0,['Normal'],0.0,1.0,1.0,['Winter tires'],20.2
112,13.92,84.0,['Normal'],0.0,1.0,1.0,['Winter tires'],20.2
113,9.7,43.0,['Normal'],0.0,1.0,1.0,['Winter tires'],20.2
114,11.5,72.0,['Normal'],0.0,1.0,1.0,['Winter tires'],15.97
115,15.78,73.0,['Normal'],0.0,1.0,1.0,['Winter tires'],21.62
116,12.2,45.0,['Normal'],0.0,1.0,1.0,['Winter tires'],21.7
117,6.9,43.0,['Normal'],0.0,1.0,1.0,['Winter tires'],21.7
118,14.8,71.0,['Normal'],0.0,1.0,1.0,['Winter tires'],18.21
119,15.8,77.0,['Normal'],0.0,1.0,1.0,['Winter tires'],18.21
120,10.0,75.0,['Normal'],0.0,1.0,1.0,['Winter tires'],18.21
121,12.03,51.0,['Normal'],0.0,1.0,1.0,['Winter tires'],19.61
122,21.3,24.0,['Normal'],0.0,1.0,1.0,['Winter tires'],19.61
123,3.2,52.0,['Normal'],0.0,1.0,1.0,['Winter tires'],19.61
124,0.0,0.0,[],,,,[],19.61
125,7.0,95.0,['Normal'],0.0,1.0,1.0,['Winter tires'],19.61
126,11.6,111.0,['Normal'],0.0,1.0,1.0,['Winter tires'],9.64
127,7.1,83.0,['Normal'],0.0,1.0,1.0,['Winter tires'],9.64
128,11.18,29.0,['Normal'],0.0,1.0,1.0,['Winter tires'],19.98
129,11.23,63.0,['Normal'],0.0,1.0,1.0,['Winter tires'],19.98
130,13.15,86.0,['Normal'],0.0,1.0,1.0,['Winter tires'],19.98
131,10.0,31.0,['Normal'],0.0,1.0,1.0,['Winter tires'],23.14
132,14.7,71.0,['Normal'],0.0,1.0,1.0,['Winter tires'],23.14
133,7.0,35.0,['Normal'],0.0,1.0,1.0,['Winter tires'],23.14
134,20.0,28.0,['Normal'],0.0,1.0,1.0,['Winter tires'],18.08
135,2.9,22.0,['Normal'],0.0,1.0,1.0,['Winter tires'],18.08
136,6.0,52.0,['Normal'],0.0,1.0,1.0,['Winter tires'],18.08
137,7.3,87.0,['Normal'],0.0,1.0,1.0,['Winter tires'],18.08
138,3.57,31.0,['Normal'],0.0,1.0,1.0,['Winter tires'],18.08
139,10.0,53.0,['Normal'],0.0,1.0,1.0,['Winter tires'],18.87
140,19.19,72.0,['Normal'],0.0,1.0,1.0,['Winter tires'],23.07
141,7.8,45.0,['Normal'],0.0,1.0,1.0,['Winter tires'],23.07
142,9.4,47.0,['Normal'],0.0,1.0,1.0,['Winter tires'],20.0
143,10.1,49.0,['Normal'],0.0,1.0,1.0,['Winter tires'],20.61
144,7.1,48.0,['Normal'],0.0,1.0,1.0,['Winter tires'],14.79
145,22.0,21.0,['Normal'],0.0,1.0,1.0,['Winter tires'],19.15
146,4.4,32.0,['Normal'],0.0,1.0,1.0,['Winter tires'],19.15
147,2.0,88.0,['Normal'],0.0,1.0,1.0,['Winter tires'],19.15
148,11.36,42.0,['Normal'],0.0,1.0,1.0,['Winter tires'],19.15
149,6.0,56.0,['Normal'],0.0,1.0,1.0,['Winter tires'],19.15
150,22.1,153.0,['Normal'],0.0,1.0,1.0,['Winter tires'],14.44
151,16.1,87.0,['Normal'],0.0,1.0,1.0,['Winter tires'],18.51
152,12.1,73.0,['Normal'],0.0,1.0,1.0,['Winter tires'],16.58
153,12.1,120.0,['Normal'],0.0,1.0,1.0,['Winter tires'],10.62
154,6.8,58.0,['Normal'],0.0,1.0,1.0,['Winter tires'],10.62
155,0.0,0.0,[],,,,[],10.62
156,19.4,93.0,['Normal'],0.0,1.0,1.0,['Winter tires'],20.86
157,24.6,123.0,['Normal'],0.0,1.0,1.0,['Winter tires'],15.14
158,7.4,17.0,['Normal'],0.0,1.0,1.0,['Winter tires'],15.14
159,9.6,82.0,['Normal'],0.0,1.0,1.0,['Winter tires'],15.14
160,13.5,142.0,['Normal'],0.0,1.0,1.0,['Winter tires'],15.14
161,11.0,32.0,['Normal'],0.0,1.0,1.0,['Winter tires'],16.08
162,10.6,79.0,['Normal'],0.0,1.0,1.0,['Winter tires'],16.08
163,10.4,88.0,['Normal'],0.0,1.0,1.0,['Winter tires'],16.08
164,14.7,124.0,['Normal'],0.0,1.0,1.0,['Summer tires'],13.67
165,8.0,42.0,['Normal'],0.0,1.0,1.0,['Summer tires'],13.67
166,14.4,43.0,['Normal'],0.0,1.0,1.0,['Summer tires'],16.41
167,9.4,102.0,['Normal'],0.0,1.0,1.0,['Summer tires'],16.41
168,11.0,49.0,['Normal'],0.0,1.0,1.0,['Summer tires'],13.18
169,3.1,58.0,['Normal'],0.0,1.0,1.0,['Summer tires'],13.18
170,8.36,48.0,['Normal'],0.0,1.0,1.0,['Summer tires'],17.42
171,10.4,9.0,['Normal'],0.0,1.0,1.0,['Summer tires'],15.32
172,13.0,45.0,['Normal'],0.0,1.0,1.0,['Summer tires'],15.32
173,4.0,46.0,['Normal'],0.0,1.0,1.0,['Summer tires'],15.32
174,6.2,48.0,['Normal'],0.0,1.0,1.0,['Summer tires'],15.32
175,2.4,87.0,['Normal'],0.0,1.0,1.0,['Summer tires'],15.32
176,8.9,47.0,['Normal'],0.0,1.0,1.0,['Summer tires'],18.94
177,17.0,47.0,['Normal'],0.0,1.0,1.0,['Summer tires'],17.35
178,8.8,76.0,['Normal'],0.0,1.0,1.0,['Summer tires'],17.35
179,12.14,81.0,['Normal'],0.0,1.0,1.0,['Summer tires'],17.35
180,4.4,40.0,['Normal'],0.0,1.0,1.0,['Summer tires'],17.35
181,8.5,94.0,['Normal'],0.0,1.0,1.0,['Summer tires'],9.04
182,18.1,82.0,['Normal'],0.0,1.0,1.0,['Summer tires'],16.78
183,11.0,95.0,['Normal'],0.0,1.0,1.0,['Summer tires'],16.78
184,4.93,23.0,['Normal'],0.0,1.0,1.0,['Summer tires'],16.78
185,6.4,32.0,['Normal'],0.0,1.0,1.0,['Summer tires'],16.78
186,0.0,0.0,[],,,,[],16.78
187,19.7,25.0,['Normal'],0.0,1.0,1.0,['Summer tires'],16.78
188,2.45,116.0,['Normal'],0.0,1.0,1.0,['Summer tires'],16.78
189,9.1,46.0,['Normal'],0.0,1.0,1.0,['Summer tires'],19.78
190,11.0,45.0,['Normal'],0.0,1.0,1.0,['Summer tires'],15.17
191,11.3,102.0,['Normal'],0.0,1.0,1.0,['Summer tires'],15.17
192,12.0,79.0,['Normal'],0.0,1.0,1.0,['Summer tires'],15.71
193,11.09,68.0,['Normal'],0.0,1.0,1.0,['Summer tires'],15.71
194,13.2,43.0,['Normal'],0.0,1.0,1.0,['Summer tires'],15.79
195,6.6,48.0,['Normal'],0.0,1.0,1.0,['Summer tires'],15.79
196,5.94,72.0,['Normal'],0.0,1.0,1.0,['Summer tires'],15.79
197,22.0,122.0,['Normal'],0.0,1.0,1.0,['Summer tires'],14.23
198,14.6,102.0,['Normal'],0.0,1.0,1.0,['Summer tires'],14.23
199,3.52,58.0,['Normal'],0.0,1.0,1.0,['Summer tires'],14.23
200,8.2,29.0,['Normal'],0.0,1.0,1.0,['Summer tires'],12.81
201,8.2,99.0,['Normal'],0.0,1.0,1.0,['Summer tires'],12.81
202,25.0,138.0,['Normal'],0.0,1.0,1.0,['Summer tires'],11.54
203,9.7,180.0,['Normal'],0.0,1.0,1.0,['Summer tires'],11.54
204,5.01,31.0,['Normal'],0.0,1.0,1.0,['Summer tires'],11.54
205,3.8,25.0,['Normal'],0.0,1.0,1.0,['Summer tires'],11.54
206,13.5,120.0,['Normal'],0.0,1.0,1.0,['Summer tires'],11.54
207,11.0,42.0,['Normal'],0.0,1.0,1.0,['Summer tires'],13.01
208,4.62,44.0,['Normal'],0.0,1.0,1.0,['Summer tires'],13.01
209,5.2,74.0,['Normal'],0.0,1.0,1.0,['Summer tires'],13.01
210,23.0,23.0,['Normal'],0.0,1.0,1.0,['Summer tires'],16.14
211,2.0,88.0,['Normal'],0.0,1.0,1.0,['Summer tires'],16.14
212,5.4,39.0,['Normal'],0.0,1.0,1.0,['Summer tires'],16.14
213,7.48,21.0,['Normal'],0.0,1.0,1.0,['Summer tires'],16.14
214,7.58,19.0,['Normal'],0.0,1.0,1.0,['Summer tires'],16.14
215,4.4,119.0,['Normal'],0.0,1.0,1.0,['Summer tires'],16.14
216,23.2,135.0,['Normal'],0.0,1.0,1.0,['Summer tires'],14.91
217,0.0,0.0,[],,,,[],14.91
218,4.7,30.0,['Normal'],0.0,1.0,1.0,['Summer tires'],14.91
219,10.34,45.0,['Normal'],0.0,1.0,1.0,['Summer tires'],14.91
220,7.1,94.0,['Normal'],1.0,1.0,1.0,['Summer tires'],14.91
221,3.3,23.0,['Normal'],1.0,1.0,1.0,['Summer tires'],14.35
222,15.93,91.0,['Normal'],1.0,1.0,1.0,['Summer tires'],17.51
223,16.1,86.0,['Normal'],1.0,1.0,1.0,['Summer tires'],20.21
224,3.1,9.0,['Normal'],1.0,1.0,1.0,['Summer tires'],20.21
225,13.4,115.0,['Normal'],1.0,1.0,1.0,['Summer tires'],11.65
226,20.71,117.0,['Normal'],1.0,1.0,1.0,['Summer tires'],15.75
227,2.2,6.0,['Normal'],1.0,1.0,1.0,['Summer tires'],15.75
228,17.8,76.0,['Normal'],1.0,1.0,1.0,['Summer tires'],15.75
229,2.3,74.0,['Normal'],1.0,1.0,1.0,['Summer tires'],15.75
230,28.0,164.0,['Normal'],1.0,1.0,1.0,['Summer tires'],12.77
231,3.0,26.0,['Normal'],0.0,1.0,1.0,['Summer tires'],12.77
232,2.7,74.0,['Normal'],1.0,1.0,1.0,['Summer tires'],12.77
233,4.9,30.0,['Normal'],1.0,1.0,1.0,['Summer tires'],16.33
234,2.7,24.0,['Normal'],1.0,1.0,1.0,['Summer tires'],11.25
235,8.8,59.0,['Normal'],1.0,1.0,1.0,['Summer tires'],14.92
236,20.1,24.0,['Normal'],1.0,1.0,1.0,['Summer tires'],15.17
237,1.6,44.0,['Normal'],1.0,1.0,1.0,['Summer tires'],15.17
238,3.4,46.0,['Normal'],1.0,1.0,1.0,['Summer tires'],15.17
239,2.0,44.0,['Normal'],1.0,1.0,1.0,['Summer tires'],15.17
240,5.5,19.0,['Normal'],1.0,1.0,1.0,['Summer tires'],15.17
241,6.2,53.0,['Normal'],1.0,1.0,1.0,['Summer tires'],15.17
242,9.7,28.0,['Normal'],1.0,1.0,1.0,['Summer tires'],15.17
243,4.4,62.0,['Normal'],1.0,1.0,1.0,['Summer tires'],15.17
244,12.19,109.0,['Normal'],1.0,1.0,1.0,['Summer tires'],15.17
245,19.0,21.0,['Normal'],1.0,1.0,1.0,['Summer tires'],15.62
246,3.1,67.0,['Normal'],1.0,1.0,1.0,['Summer tires'],15.62
247,6.8,97.0,['Normal'],1.0,1.0,1.0,['Summer tires'],15.62
248,0.0,0.0,[],,,,[],15.62
249,17.4,21.0,['Normal'],1.0,1.0,1.0,['Summer tires'],14.73
250,2.0,25.0,['Normal'],1.0,1.0,1.0,['Summer tires'],14.73
251,4.4,19.0,['Normal'],1.0,1.0,1.0,['Summer tires'],14.73
252,5.1,77.0,['Normal'],1.0,1.0,1.0,['Summer tires'],14.73
253,5.1,74.0,['Normal'],1.0,1.0,1.0,['Summer tires'],14.73
254,4.0,38.0,['Normal'],1.0,1.0,1.0,['Summer tires'],14.73
255,4.21,24.0,['Normal'],1.0,1.0,1.0,['Summer tires'],14.73
256,2.42,25.0,['Normal'],1.0,1.0,1.0,['Summer tires'],14.73
257,5.1,37.0,['Normal'],1.0,1.0,1.0,['Summer tires'],13.78
258,20.9,114.0,['Normal'],1.0,1.0,1.0,['Summer tires'],18.33
259,12.8,56.0,['Normal'],1.0,1.0,1.0,['Summer tires'],22.86
260,12.9,67.0,['Normal'],1.0,1.0,1.0,['Summer tires'],11.02
261,14.0,177.0,['Normal'],1.0,1.0,1.0,['Summer tires'],11.02
262,16.86,70.0,['Normal'],1.0,1.0,1.0,['Summer tires'],17.46
263,15.51,57.0,['Normal'],1.0,1.0,1.0,['Summer tires'],17.46
264,7.1,99.0,['Normal'],1.0,1.0,1.0,['Summer tires'],17.46
265,11.35,30.0,['Normal'],1.0,1.0,1.0,['Summer tires'],16.03
266,13.82,127.0,['Normal'],1.0,1.0,1.0,['Summer tires'],16.03
267,11.0,55.0,['Normal'],1.0,1.0,1.0,['Summer tires'],14.89
268,9.7,84.0,['Normal'],1.0,1.0,1.0,['Summer tires'],14.89
269,17.6,64.0,['Normal'],1.0,1.0,1.0,['Summer tires'],14.75
270,3.2,77.0,['Normal'],1.0,1.0,1.0,['Summer tires'],14.75
271,17.6,110.0,['Normal'],1.0,1.0,1.0,['Summer tires'],16.0
272,16.59,103.0,['Normal'],1.0,1.0,1.0,['Summer tires'],16.11
273,10.6,70.0,['Normal'],1.0,1.0,1.0,['Summer tires'],15.14
274,7.6,54.0,['Normal'],1.0,1.0,1.0,['Summer tires'],14.07
275,7.6,52.0,['Normal'],1.0,1.0,1.0,['Summer tires'],14.62
276,12.1,110.0,['Normal'],1.0,1.0,1.0,['Summer tires'],11.0
277,12.0,72.0,['Normal'],1.0,1.0,1.0,['Summer tires'],16.67
278,11.0,69.0,['Normal'],1.0,1.0,1.0,['Summer tires'],15.94
279,0.0,0.0,[],,,,[],15.94
280,12.0,70.0,['Normal'],1.0,1.0,1.0,['Summer tires'],17.14
281,20.0,112.0,['Normal'],1.0,1.0,1.0,['Summer tires'],15.43
282,9.0,76.0,['Normal'],1.0,1.0,1.0,['Summer tires'],15.43
283,7.67,35.0,['Normal'],1.0,1.0,1.0,['Summer tires'],21.91
284,14.96,24.0,['Normal'],1.0,1.0,1.0,['Summer tires'],15.23
285,6.1,52.0,['Normal'],1.0,1.0,1.0,['Summer tires'],15.23
286,5.0,25.0,['Normal'],1.0,1.0,1.0,['Summer tires'],15.23
287,7.0,133.0,['Normal'],1.0,1.0,1.0,['Summer tires'],15.23
288,14.6,79.0,['Normal'],1.0,1.0,1.0,['Summer tires'],15.23
289,16.95,95.0,['Normal'],1.0,1.0,1.0,['Summer tires'],17.33
290,17.21,87.0,['Normal'],1.0,1.0,1.0,['Summer tires'],17.33
291,10.6,79.0,['Normal'],1.0,1.0,1.0,['Summer tires'],17.33
292,16.84,95.0,['Normal'],1.0,1.0,1.0,['Summer tires'],17.33
293,14.3,82.0,['Normal'],1.0,1.0,1.0,['Summer tires'],17.33
294,14.5,73.0,['Normal'],1.0,1.0,1.0,['Summer tires'],15.44
295,15.6,122.0,['Normal'],1.0,1.0,1.0,['Summer tires'],15.44
296,19.9,119.0,['Normal'],1.0,1.0,1.0,['Summer tires'],16.72
297,16.06,100.0,['Normal'],0.0,1.0,1.0,['Summer tires'],16.06
298,5.04,56.0,['Normal'],0.0,1.0,1.0,['Summer tires'],9.0
299,10.5,67.0,['Normal'],0.0,1.0,1.0,['Summer tires'],15.67
300,15.5,52.0,['Normal'],0.0,1.0,1.0,['Summer tires'],17.14
301,11.0,95.0,['Normal'],0.0,1.0,1.0,['Summer tires'],17.14
302,9.69,55.0,['Normal'],0.0,1.0,1.0,['Summer tires'],17.14
303,8.2,57.0,['Normal'],0.0,1.0,1.0,['Summer tires'],17.14
304,17.5,87.0,['Normal'],0.0,1.0,1.0,['Summer tires'],14.29
305,13.9,74.0,['Normal'],0.0,1.0,1.0,['Summer tires'],14.29
306,8.5,12.0,['Normal'],0.0,1.0,1.0,['Summer tires'],14.29
307,13.0,76.0,['Normal'],0.0,1.0,1.0,['Summer tires'],14.29
308,14.5,73.0,['Normal'],0.0,1.0,1.0,['Summer tires'],14.29
309,8.61,41.0,['Normal'],0.0,1.0,1.0,['Summer tires'],14.29
310,0.0,0.0,[],,,,[],14.29
311,9.0,232.0,['Normal'],0.0,1.0,1.0,['Summer tires'],14.29
312,9.0,71.0,['Normal'],0.0,1.0,1.0,['Summer tires'],12.68
313,4.6,24.0,['Normal'],0.0,1.0,1.0,['Summer tires'],19.17
314,2.64,24.0,['Normal'],0.0,1.0,1.0,['Summer tires'],11.0
315,7.4,70.0,['Normal'],0.0,1.0,1.0,['Summer tires'],10.57
316,10.2,31.0,['Normal'],0.0,1.0,1.0,['Summer tires'],32.9
317,19.0,46.0,['Normal'],0.0,1.0,1.0,['Summer tires'],11.77
318,2.3,135.0,['Normal'],0.0,1.0,1.0,['Summer tires'],11.77
319,17.0,49.0,['Normal'],0.0,1.0,1.0,['Summer tires'],16.44
320,11.3,49.0,['Normal'],0.0,1.0,1.0,['Summer tires'],16.44
321,7.7,121.0,['Normal'],0.0,1.0,1.0,['Summer tires'],16.44
322,7.8,54.0,['Normal'],0.0,1.0,1.0,['Summer tires'],14.44
323,6.2,20.0,['Normal'],0.0,1.0,1.0,['Summer tires'],17.07
324,6.6,55.0,['Normal'],0.0,1.0,1.0,['Summer tires'],17.07
325,7.2,44.0,['Normal'],0.0,1.0,1.0,['Summer tires'],16.36
326,11.2,84.0,['Normal'],0.0,1.0,1.0,['Summer tires'],13.33
327,4.4,22.0,['Normal'],0.0,1.0,1.0,['Summer tires'],20.0
328,7.9,24.0,['Normal'],0.0,1.0,1.0,['Summer tires'],17.18
329,11.5,90.0,['Normal'],0.0,1.0,1.0,['Summer tires'],17.18
330,6.7,4.0,['Normal'],0.0,1.0,1.0,['Summer tires'],17.18
331,6.0,18.0,['Normal'],0.0,1.0,1.0,['Summer tires'],17.18
332,5.0,80.0,['Normal'],0.0,1.0,1.0,['Summer tires'],17.18
333,2.5,26.0,['Normal'],0.0,1.0,1.0,['Summer tires'],9.62
334,13.2,70.0,['Normal'],0.0,1.0,1.0,['Summer tires'],10.13
335,3.0,90.0,['Normal'],0.0,1.0,1.0,['Summer tires'],10.13
336,5.0,27.0,['Normal'],0.0,1.0,1.0,['Summer tires'],18.52
337,15.0,83.0,['Normal'],0.0,1.0,1.0,['Summer tires'],13.29
338,6.4,78.0,['Normal'],0.0,1.0,1.0,['Summer tires'],13.29
339,11.5,47.0,['Normal'],0.0,1.0,1.0,['Summer tires'],7.1
340,4.84,183.0,['Normal'],0.0,1.0,1.0,['Summer tires'],7.1
341,0.0,0.0,[],,,,[],7.1
342,5.24,28.0,['Normal'],0.0,1.0,1.0,['Summer tires'],18.71
343,9.4,70.0,['Normal'],0.0,1.0,1.0,['Summer tires'],13.43
344,13.5,46.0,['Normal'],0.0,1.0,1.0,['Summer tires'],16.27
345,11.0,58.0,['Normal'],0.0,1.0,1.0,['Summer tires'],16.27
346,9.17,103.0,['Normal'],0.0,1.0,1.0,['Summer tires'],16.27
347,16.5,30.0,['Normal'],0.0,1.0,1.0,['Summer tires'],17.34
348,5.0,94.0,['Normal'],0.0,1.0,1.0,['Summer tires'],17.34
349,16.5,84.0,['Normal'],0.0,1.0,1.0,['Summer tires'],16.38
350,15.2,95.0,['Normal'],0.0,1.0,1.0,['Summer tires'],16.38
351,11.7,86.0,['Normal'],0.0,1.0,1.0,['Summer tires'],16.38
352,10.0,73.0,['Normal'],0.0,1.0,1.0,['Summer tires'],13.7
353,10.5,69.0,['Normal'],0.0,1.0,1.0,['Summer tires'],15.22
354,5.1,36.0,['Normal'],0.0,1.0,1.0,['Summer tires'],14.17
355,17.5,4.0,['Normal'],0.0,1.0,1.0,['Summer tires'],18.61
356,3.3,86.0,['Normal'],0.0,1.0,1.0,['Summer tires'],18.61
357,19.0,95.0,['Normal'],0.0,1.0,1.0,['Summer tires'],18.61
358,17.5,82.0,['Normal'],0.0,1.0,1.0,['Summer tires'],18.61
359,8.11,9.0,['Normal'],0.0,1.0,1.0,['Summer tires'],18.61
360,7.92,63.0,['Normal'],0.0,1.0,1.0,['Summer tires'],18.61
361,11.0,24.0,['Normal'],0.0,1.0,1.0,['Summer tires'],18.61
362,5.0,98.0,['Normal'],0.0,1.0,1.0,['Summer tires'],18.61
363,13.0,89.0,['Normal'],0.0,1.0,1.0,['Summer tires'],18.61
364,21.21,49.0,['Normal'],0.0,1.0,1.0,['Summer tires'],19.34
365,2.0,71.0,['Normal'],0.0,1.0,1.0,['Summer tires'],19.34
366,8.7,58.0,['Normal'],0.0,1.0,1.0,['Summer tires'],14.24
367,7.25,54.0,['Normal'],0.0,1.0,1.0,['Summer tires'],14.24
368,7.3,49.0,['Normal'],0.0,1.0,1.0,['Summer tires'],14.9
369,7.7,46.0,['Normal'],0.0,1.0,1.0,['Summer tires'],16.74
370,8.1,22.0,['Normal'],0.0,1.0,1.0,['Summer tires'],36.82
371,19.3,75.0,['Normal'],0.0,1.0,1.0,['Summer tires'],13.6
372,0.0,0.0,[],,,,[],13.6
373,3.0,89.0,['Normal'],0.0,1.0,1.0,['Summer tires'],13.6
374,11.66,19.0,['Normal'],0.0,1.0,1.0,['Summer tires'],17.38
375,8.3,48.0,['Normal'],0.0,1.0,1.0,['Summer tires'],17.38
376,9.7,72.0,['Normal'],0.0,1.0,1.0,['Summer tires'],17.38
377,3.1,49.0,['Normal'],0.0,1.0,1.0,['Summer tires'],17.38
378,14.6,76.0,['Normal'],0.0,1.0,1.0,['Summer tires'],17.38
379,8.6,58.0,['Normal'],0.0,1.0,1.0,['Summer tires'],17.38
380,14.2,31.0,['Normal'],0.0,1.0,1.0,['Summer tires'],14.41
381,2.8,87.0,['Normal'],0.0,1.0,1.0,['Summer tires'],14.41
382,11.2,44.0,['Normal'],0.0,1.0,1.0,['Summer tires'],13.47
383,9.0,106.0,['Normal'],0.0,1.0,1.0,['Summer tires'],13.47
384,15.9,84.0,['Normal'],0.0,1.0,1.0,['Summer tires'],18.93
385,9.9,73.0,['Normal'],0.0,1.0,1.0,['Summer tires'],13.56
386,5.06,67.0,['Normal'],0.0,1.0,1.0,['Summer tires'],7.55
387,21.1,130.0,['Normal'],0.0,1.0,1.0,['Summer tires'],14.51
388,13.2,88.0,['Normal'],0.0,1.0,1.0,['Summer tires'],14.51
389,4.4,17.0,['Normal'],0.0,1.0,1.0,['Summer tires'],14.51
390,8.8,23.0,['Normal'],0.0,1.0,1.0,['Summer tires'],14.51
391,4.32,60.0,['Normal'],0.0,1.0,1.0,['Summer tires'],14.51
392,9.4,104.0,['Normal'],0.0,1.0,1.0,['Summer tires'],14.51
393,3.7,17.0,['Normal'],0.0,1.0,1.0,['Summer tires'],10.81
394,13.0,32.0,['Normal'],0.0,1.0,1.0,['Summer tires'],10.81
395,11.8,194.0,['Normal'],0.0,1.0,1.0,['Summer tires'],10.81
396,4.4,75.0,['Normal'],0.0,1.0,1.0,['Summer tires'],10.81
397,10.0,79.0,['Normal'],0.0,1.0,1.0,['Summer tires'],10.81
398,18.21,196.0,['Normal'],0.0,1.0,1.0,['Summer tires'],11.64
399,10.3,29.0,['Normal'],0.0,1.0,1.0,['Summer tires'],11.64
400,13.4,135.0,['Normal'],0.0,1.0,1.0,['Summer tires'],11.64
401,8.4,42.0,['Normal'],0.0,1.0,1.0,['Summer tires'],20.0
402,7.2,43.0,['Normal'],0.0,1.0,1.0,['Summer tires'],15.37
403,0.0,0.0,[],,,,[],15.37
404,13.2,64.0,['Normal'],0.0,1.0,1.0,['Summer tires'],15.37
405,4.5,55.0,['Normal'],0.0,1.0,1.0,['Summer tires'],15.37
406,2.7,17.0,['Normal'],0.0,1.0,1.0,['Summer tires'],15.88
407,17.3,114.0,['Normal'],0.0,1.0,1.0,['Summer tires'],14.65
408,3.08,49.0,['Normal'],0.0,1.0,1.0,['Summer tires'],14.65
409,23.39,162.0,['Normal'],1.0,1.0,1.0,['Summer tires'],14.65
410,12.3,49.0,['Normal'],1.0,1.0,1.0,['Summer tires'],14.65
411,11.0,54.0,['Normal'],1.0,1.0,1.0,['Summer tires'],14.65
412,4.0,57.0,['Normal'],1.0,1.0,1.0,['Summer tires'],14.65
413,9.0,25.0,['Normal'],1.0,1.0,1.0,['Summer tires'],7.78
414,9.0,156.0,['Normal'],1.0,1.0,1.0,['Winter tires'],7.78
415,4.4,107.0,['Normal'],1.0,1.0,1.0,['Winter tires'],7.78
416,7.5,22.0,['Normal'],1.0,1.0,1.0,['Winter tires'],18.33
417,10.56,64.0,['Normal'],1.0,1.0,1.0,['Winter tires'],18.33
418,6.6,38.0,['Normal'],1.0,1.0,1.0,['Winter tires'],18.33
419,5.4,40.0,['Normal'],1.0,1.0,1.0,['Winter tires'],18.33
420,16.5,86.0,['Normal'],1.0,1.0,1.0,['Winter tires'],12.26
421,2.5,69.0,['Normal'],1.0,1.0,1.0,['Winter tires'],12.26
422,20.4,72.0,['Normal'],1.0,1.0,1.0,['Winter tires'],28.33
423,20.4,62.0,['Normal'],1.0,1.0,1.0,['Winter tires'],32.9
424,20.4,62.0,['Normal'],1.0,1.0,1.0,['Winter tires'],14.05
425,9.4,155.0,['Normal'],1.0,1.0,1.0,['Winter tires'],14.05
426,9.41,62.0,['Normal'],1.0,1.0,1.0,['Winter tires'],14.05
427,6.2,27.0,['Normal'],1.0,1.0,1.0,['Winter tires'],16.22
428,7.5,31.0,['Normal'],1.0,1.0,1.0,['Winter tires'],16.22
429,14.01,50.0,['Normal'],1.0,1.0,1.0,['Winter tires'],16.22
430,10.4,127.0,['Normal'],1.0,1.0,1.0,['Winter tires'],16.22
431,7.6,11.0,['Normal'],1.0,1.0,1.0,['Winter tires'],19.48
432,9.7,21.0,['Normal'],1.0,1.0,1.0,['Winter tires'],19.48
433,5.1,83.0,['Normal'],1.0,1.0,1.0,['Winter tires'],19.48
434,0.0,0.0,[],,,,[],19.48
435,4.7,59.0,['Normal'],1.0,1.0,1.0,['Winter tires'],13.71
436,13.4,73.0,['Normal'],1.0,1.0,1.0,['Winter tires'],13.71
437,17.5,100.0,['Normal'],1.0,1.0,1.0,['Winter tires'],17.5
438,12.0,37.0,['Normal'],1.0,1.0,1.0,['Winter tires'],16.59
439,7.95,50.0,['Normal'],1.0,1.0,1.0,['Winter tires'],16.59
440,6.0,72.0,['Normal'],1.0,1.0,1.0,['Winter tires'],16.59
441,15.7,92.0,['Normal'],1.0,1.0,1.0,['Winter tires'],16.59
442,6.7,22.0,['Normal'],1.0,1.0,1.0,['Winter tires'],30.45
443,3.6,16.0,['Normal'],1.0,1.0,1.0,['Winter tires'],35.04
444,13.22,32.0,['Normal'],1.0,1.0,1.0,['Winter tires'],35.04
445,23.24,221.0,['Normal'],1.0,1.0,1.0,['Winter tires'],10.52
446,10.4,29.0,['Normal'],1.0,1.0,1.0,['Winter tires'],25.96
447,3.1,23.0,['Normal'],1.0,1.0,1.0,['Winter tires'],25.96
448,18.0,23.0,['Normal'],1.0,1.0,1.0,['Winter tires'],15.12
449,6.0,71.0,['Normal'],1.0,1.0,1.0,['Winter tires'],15.12
450,6.0,71.0,['Normal'],1.0,1.0,1.0,['Winter tires'],15.12
451,6.9,79.0,['Normal'],1.0,1.0,1.0,['Winter tires'],15.12
452,11.77,57.0,['Normal'],1.0,1.0,1.0,['Winter tires'],19.44
453,6.5,37.0,['Normal'],1.0,1.0,1.0,['Winter tires'],19.44
454,19.61,57.0,['Normal'],1.0,1.0,1.0,['Winter tires'],17.17
455,3.7,38.0,['Normal'],1.0,1.0,1.0,['Winter tires'],17.17
456,3.7,36.0,['Normal'],1.0,1.0,1.0,['Winter tires'],17.17
457,3.7,35.0,['Normal'],1.0,1.0,1.0,['Winter tires'],17.17
458,5.7,46.0,['Normal'],1.0,1.0,1.0,['Winter tires'],17.17
459,15.1,67.0,['Normal'],1.0,1.0,1.0,['Winter tires'],22.54
460,22.3,114.0,['Normal'],1.0,1.0,1.0,['Winter tires'],10.36
461,6.7,28.0,['Normal'],1.0,1.0,1.0,['Winter tires'],10.36
462,4.0,37.0,['Normal'],1.0,1.0,1.0,['Winter tires'],10.36
463,12.0,20.0,['Normal'],1.0,1.0,1.0,['Winter tires'],10.36
464,4.0,113.0,['Normal'],1.0,1.0,1.0,['Winter tires'],10.36
465,0.0,0.0,[],,,,[],10.36
466,18.1,371.0,['Normal'],1.0,1.0,1.0,['Winter tires'],10.36
467,6.5,22.0,['Normal'],1.0,1.0,1.0,['Winter tires'],10.36
468,8.0,76.0,['Normal'],1.0,1.0,1.0,['Winter tires'],10.36
469,8.0,84.0,['Normal'],1.0,1.0,1.0,['Winter tires'],10.36
470,23.0,113.0,['Normal'],1.0,1.0,1.0,['Winter tires'],19.14
471,8.0,49.0,['Normal'],1.0,1.0,1.0,['Winter tires'],19.14
472,17.5,45.0,['Normal'],1.0,1.0,1.0,['Winter tires'],17.3
473,7.62,75.0,['Normal'],1.0,1.0,1.0,['Winter tires'],17.3
474,5.4,56.0,['Normal'],1.0,1.0,1.0,['Winter tires'],17.3
475,5.3,31.0,['Normal'],1.0,1.0,1.0,['Winter tires'],17.3
476,15.0,80.0,['Normal'],1.0,1.0,1.0,['Winter tires'],18.75
477,12.3,69.0,['Normal'],1.0,1.0,1.0,['Winter tires'],13.41
478,9.0,43.0,['Normal'],1.0,1.0,1.0,['Winter tires'],13.41
479,6.3,99.0,['Normal'],1.0,1.0,1.0,['Winter tires'],13.41
480,1.0,28.0,['Normal'],1.0,1.0,1.0,['Winter tires'],13.41
481,6.0,33.0,['Normal'],1.0,1.0,1.0,['Winter tires'],13.41
482,6.3,33.0,['Normal'],1.0,1.0,1.0,['Winter tires'],13.41
483,10.4,11.0,['Normal'],1.0,1.0,1.0,['Winter tires'],16.35
484,2.2,63.0,['Normal'],1.0,1.0,1.0,['Winter tires'],16.35
485,14.3,89.0,['Normal'],1.0,1.0,1.0,['Winter tires'],16.35
486,14.3,89.0,['Normal'],1.0,1.0,1.0,['Winter tires'],16.35
487,26.0,128.0,['Normal'],1.0,1.0,1.0,['Winter tires'],20.31
488,16.9,24.0,['Normal'],1.0,1.0,1.0,['Winter tires'],20.15
489,8.6,58.0,['Normal'],1.0,1.0,1.0,['Winter tires'],20.15
490,13.8,113.0,['Normal'],1.0,1.0,1.0,['Winter tires'],20.15
491,5.3,45.0,['Normal'],1.0,1.0,1.0,['Winter tires'],13.96
492,11.8,80.0,['Normal'],1.0,1.0,1.0,['Winter tires'],13.96
493,9.0,62.0,['Normal'],1.0,1.0,1.0,['Winter tires'],13.96
494,17.52,26.0,['Normal'],1.0,1.0,1.0,['Winter tires'],17.32
495,5.2,47.0,['Normal'],1.0,1.0,1.0,['Winter tires'],17.32
496,0.0,0.0,[],,,,[],17.32
497,2.6,62.0,['Normal'],1.0,1.0,1.0,['Winter tires'],17.32
498,3.5,26.0,['Normal'],1.0,1.0,1.0,['Winter tires'],17.32
499,12.6,60.0,['Normal'],1.0,1.0,1.0,['Winter tires'],17.32
500,11.0,45.0,['Normal'],1.0,1.0,1.0,['Winter tires'],17.32
501,1.8,47.0,['Normal'],1.0,1.0,1.0,['Winter tires'],17.32
502,18.5,56.0,['Normal'],1.0,1.0,1.0,['Winter tires'],16.01
503,7.3,53.0,['Normal'],1.0,1.0,1.0,['Winter tires'],16.01
504,8.0,29.0,['Normal'],1.0,1.0,1.0,['Winter tires'],16.01
505,7.7,65.0,['Normal'],1.0,1.0,1.0,['Winter tires'],16.01
506,7.04,31.0,['Normal'],1.0,1.0,1.0,['Winter tires'],16.01
507,3.2,74.0,['Normal'],1.0,1.0,1.0,['Winter tires'],16.01
508,8.0,26.0,['Normal'],1.0,1.0,1.0,['Winter tires'],16.01
509,12.8,119.0,['Normal'],1.0,1.0,1.0,['Winter tires'],16.01
510,13.5,72.0,['Normal'],1.0,1.0,1.0,['Winter tires'],18.75
511,17.2,47.0,['Normal'],1.0,1.0,1.0,['Winter tires'],18.73
512,8.4,62.0,['Normal'],1.0,1.0,1.0,['Winter tires'],18.73
513,12.9,61.0,['Normal'],1.0,1.0,1.0,['Winter tires'],18.73
514,3.2,7.0,['Normal'],1.0,1.0,1.0,['Winter tires'],18.73
515,8.7,77.0,['Normal'],1.0,1.0,1.0,['Winter tires'],18.73
516,9.9,68.0,['Normal'],1.0,1.0,1.0,['Winter tires'],18.73
517,19.8,44.0,['Normal'],1.0,1.0,1.0,['Winter tires'],20.83
518,6.2,32.0,['Normal'],1.0,1.0,1.0,['Winter tires'],20.83
519,6.6,24.0,['Normal'],1.0,1.0,1.0,['Winter tires'],20.83
520,6.4,46.0,['Normal'],1.0,1.0,1.0,['Winter tires'],20.83
521,2.5,5.0,['Normal'],1.0,1.0,1.0,['Winter tires'],20.83
522,5.6,44.0,['Normal'],1.0,1.0,1.0,['Winter tires'],20.83
523,3.52,48.0,['Normal'],1.0,1.0,1.0,['Winter tires'],20.83
524,9.0,34.0,['Normal'],1.0,1.0,1.0,['Winter tires'],21.75
525,20.76,60.0,['Normal'],1.0,1.0,1.0,['Winter tires'],21.75
526,17.0,121.0,['Normal'],1.0,1.0,1.0,['Winter tires'],21.75
527,0.0,0.0,[],,,,[],21.75
528,8.8,57.0,['Normal'],1.0,1.0,1.0,['Winter tires'],15.44
529,21.6,92.0,['Normal'],1.0,1.0,0.0,['Winter tires'],15.21
530,2.1,49.0,['Normal'],1.0,1.0,0.0,['Winter tires'],15.21
531,12.5,97.0,['Normal'],1.0,1.0,0.0,['Winter tires'],15.21
532,17.2,46.0,['Normal'],1.0,1.0,0.0,['Winter tires'],19.17
533,5.3,27.0,['Normal'],1.0,1.0,0.0,['Winter tires'],19.17
534,12.0,107.0,['Normal'],1.0,1.0,0.0,['Winter tires'],19.17
535,9.5,50.0,['Normal'],1.0,1.0,0.0,['Winter tires'],19.0
536,13.5,60.0,['Normal'],1.0,1.0,0.0,['Winter tires'],22.5
537,8.2,43.0,['Normal'],1.0,1.0,0.0,['Winter tires'],19.07
538,14.9,90.0,['Normal'],1.0,1.0,0.0,['Winter tires'],16.56
539,9.5,48.0,['Normal'],1.0,1.0,0.0,['Winter tires'],19.79
540,20.0,95.0,['Normal'],1.0,1.0,0.0,['Winter tires'],17.35
541,6.1,47.0,['Normal'],1.0,1.0,0.0,['Winter tires'],17.35
542,7.04,49.0,['Normal'],1.0,1.0,0.0,['Winter tires'],17.35
543,14.0,66.0,['Normal'],1.0,1.0,0.0,['Winter tires'],20.37
544,18.6,23.0,['Normal'],1.0,1.0,0.0,['Winter tires'],20.37
545,7.1,80.0,['Normal'],1.0,1.0,0.0,['Winter tires'],20.37
546,12.24,54.0,['Normal'],1.0,1.0,0.0,['Winter tires'],20.37
547,9.68,34.0,['Normal'],1.0,1.0,0.0,['Winter tires'],20.37
548,10.9,99.0,['Normal'],1.0,1.0,1.0,['Winter tires'],20.37
549,9.24,6.0,['Normal'],1.0,1.0,1.0,['Winter tires'],20.7
550,3.8,57.0,['Normal'],0.0,0.0,1.0,['Winter tires'],20.7
551,17.6,94.0,['Normal'],0.0,0.0,1.0,['Winter tires'],17.3
552,2.64,23.0,['Normal'],0.0,0.0,1.0,['All-year tires'],17.3
553,21.34,48.0,['Normal'],0.0,0.0,1.0,['All-year tires'],19.48
554,8.8,49.0,['Normal'],0.0,1.0,1.0,['All-year tires'],19.48
555,2.2,69.0,['Normal'],0.0,0.0,1.0,['All-year tires'],19.48
556,6.0,30.0,['Normal'],0.0,1.0,1.0,['All-year tires'],20.0
557,12.9,31.0,['Normal'],0.0,1.0,1.0,['All-year tires'],15.25
558,0.0,0.0,[],,,,[],15.25
559,4.1,45.0,['Normal'],0.0,1.0,1.0,['All-year tires'],15.25
560,22.66,184.0,['Normal'],0.0,1.0,1.0,['All-year tires'],15.25
561,9.46,25.0,['Normal'],0.0,1.0,1.0,['All-year tires'],18.42
562,6.2,44.0,['Normal'],0.0,1.0,1.0,['All-year tires'],18.42
563,7.0,54.0,['Normal'],0.0,1.0,1.0,['All-year tires'],18.42
564,10.3,58.0,['Normal'],0.0,1.0,1.0,['Winter tires'],17.76
565,11.9,31.0,['Normal'],0.0,1.0,1.0,['Winter tires'],23.04
566,2.1,16.0,['Normal'],0.0,1.0,1.0,['Winter tires'],23.04
567,3.74,30.0,['Normal'],0.0,1.0,1.0,['Winter tires'],23.04
568,18.3,92.0,['Normal'],0.0,1.0,1.0,['Winter tires'],17.7
569,12.5,82.0,['Normal'],0.0,1.0,1.0,['Winter tires'],17.7
570,9.7,48.0,['Normal'],0.0,1.0,1.0,['Winter tires'],20.21
571,18.0,93.0,['Normal'],0.0,1.0,1.0,['Winter tires'],19.35
572,6.75,53.0,['Normal'],0.0,1.0,1.0,['Winter tires'],12.74
573,17.9,88.0,['Normal'],0.0,1.0,1.0,['Winter tires'],20.34
574,17.2,94.0,['Normal'],0.0,1.0,1.0,['Winter tires'],18.3
575,13.0,64.0,['Normal'],0.0,1.0,1.0,['Winter tires'],20.31
576,7.2,28.0,['Normal'],0.0,1.0,1.0,['Winter tires'],17.41
577,13.8,77.0,['Normal'],0.0,1.0,1.0,['Winter tires'],17.41
578,14.0,96.0,['Normal'],0.0,1.0,1.0,['Winter tires'],17.41
579,14.7,62.0,['Normal'],0.0,1.0,1.0,['Winter tires'],23.71
580,23.8,124.0,['Normal'],0.0,1.0,1.0,['Winter tires'],19.19
581,19.0,41.0,['Normal'],0.0,1.0,1.0,['Winter tires'],21.28
582,1.0,53.0,['Normal'],0.0,1.0,1.0,['Winter tires'],21.28
583,11.0,49.0,['Normal'],0.0,1.0,1.0,['Winter tires'],22.45
584,17.1,54.0,['Normal'],0.0,1.0,1.0,['Winter tires'],22.2
585,10.2,69.0,['Normal'],0.0,1.0,1.0,['Winter tires'],22.2
586,17.0,73.0,['Normal'],0.0,1.0,1.0,['Winter tires'],18.72
587,7.33,57.0,['Normal'],0.0,1.0,1.0,['Winter tires'],18.72
588,23.1,127.0,['Normal'],0.0,1.0,1.0,['Winter tires'],14.78
589,0.0,0.0,[],,,,[],14.78
590,4.4,59.0,['Normal'],0.0,1.0,1.0,['Winter tires'],14.78
591,9.6,53.0,['Normal'],0.0,1.0,1.0,['Winter tires'],18.11
592,16.5,52.0,['Normal'],0.0,1.0,1.0,['Winter tires'],18.12
593,4.05,50.0,['Normal'],0.0,1.0,1.0,['Winter tires'],18.12
594,13.7,87.0,['Normal'],0.0,1.0,1.0,['Winter tires'],18.12
595,16.9,149.0,['Normal'],0.0,1.0,1.0,['Winter tires'],11.34
596,15.7,48.0,['Normal'],0.0,1.0,1.0,['Winter tires'],16.89
597,9.4,87.0,['Normal'],0.0,1.0,1.0,['Winter tires'],16.89
598,16.2,74.0,['Normal'],0.0,1.0,1.0,['Winter tires'],16.89
599,15.4,76.0,['Normal'],0.0,1.0,1.0,['Winter tires'],16.89
600,7.04,75.0,['Normal'],0.0,1.0,1.0,['Winter tires'],16.89
601,8.1,44.0,['Normal'],0.0,1.0,1.0,['Winter tires'],16.89
602,8.8,52.0,['Normal'],0.0,1.0,1.0,['Winter tires'],16.89
603,7.2,50.0,['Normal'],0.0,1.0,1.0,['Winter tires'],16.89
604,7.4,58.0,['Normal'],0.0,1.0,1.0,['Winter tires'],16.89
605,14.5,89.0,['Normal'],0.0,1.0,1.0,['Winter tires'],16.29
606,11.5,55.0,['Normal'],0.0,1.0,1.0,['Winter tires'],20.91
607,17.0,98.0,['Normal'],0.0,1.0,1.0,['Winter tires'],17.35
608,19.1,107.0,['Normal'],0.0,1.0,1.0,['Winter tires'],17.85
609,16.09,110.0,['Normal'],0.0,1.0,1.0,['Summer tires'],14.63
610,13.3,37.0,['Normal'],0.0,1.0,1.0,['Summer tires'],15.41
611,3.5,72.0,['Normal'],0.0,1.0,1.0,['Summer tires'],15.41
612,17.2,72.0,['Normal'],0.0,1.0,1.0,['Summer tires'],19.74
613,5.3,42.0,['Normal'],0.0,1.0,1.0,['Summer tires'],19.74
614,6.0,58.0,['Normal'],0.0,1.0,1.0,['Summer tires'],10.34
615,14.1,93.0,['Normal'],0.0,1.0,1.0,['Summer tires'],15.16
616,13.1,95.0,['Normal'],0.0,1.0,1.0,['Summer tires'],13.79
617,21.4,130.0,['Normal'],0.0,1.0,1.0,['Summer tires'],16.46
618,14.1,67.0,['Normal'],0.0,1.0,1.0,['Summer tires'],17.12
619,9.7,72.0,['Normal'],0.0,1.0,1.0,['Summer tires'],17.12
620,0.0,0.0,[],,,,[],17.12
621,16.3,103.0,['Normal'],0.0,1.0,1.0,['Summer tires'],15.83
622,15.18,99.0,['Normal'],0.0,1.0,1.0,['Summer tires'],15.33
623,9.68,67.0,['Normal'],0.0,1.0,1.0,['Summer tires'],14.45
624,18.95,115.0,['Normal'],0.0,1.0,1.0,['Summer tires'],16.48
625,12.3,81.0,['Normal'],0.0,1.0,1.0,['Summer tires'],15.19
626,7.0,47.0,['Normal'],0.0,1.0,1.0,['Summer tires'],14.89
627,18.5,108.0,['Normal'],0.0,1.0,1.0,['Summer tires'],17.13
628,18.4,104.0,['Normal'],0.0,1.0,1.0,['Summer tires'],17.69
629,8.4,36.0,['Normal'],0.0,1.0,1.0,['Summer tires'],14.18
630,11.59,105.0,['Normal'],0.0,1.0,1.0,['Summer tires'],14.18
631,6.8,44.0,['Normal'],0.0,1.0,1.0,['Summer tires'],15.45
632,1.0,5.0,['Normal'],0.0,1.0,1.0,['Summer tires'],20.0
633,18.1,48.0,['Normal'],0.0,1.0,1.0,['Summer tires'],15.52
634,5.8,106.0,['Normal'],0.0,1.0,1.0,['Summer tires'],15.52
635,15.6,100.0,['Normal'],0.0,1.0,1.0,['Summer tires'],15.6
636,15.6,56.0,['Normal'],0.0,1.0,1.0,['Summer tires'],17.61
637,3.6,53.0,['Normal'],0.0,1.0,1.0,['Summer tires'],17.61
638,11.7,83.0,['Normal'],0.0,1.0,1.0,['Summer tires'],11.37
639,6.2,56.0,['Normal'],0.0,1.0,1.0,['Summer tires'],11.37
640,11.1,51.0,['Normal'],0.0,1.0,1.0,['Summer tires'],11.37
641,4.3,103.0,['Normal'],0.0,1.0,1.0,['Summer tires'],11.37
642,18.3,100.0,['Normal'],0.0,1.0,1.0,['Summer tires'],15.67
643,14.6,110.0,['Normal'],0.0,1.0,1.0,['Summer tires'],15.67
644,11.5,21.0,['Normal'],0.0,1.0,1.0,['Summer tires'],13.76
645,2.4,80.0,['Normal'],1.0,1.0,1.0,['Summer tires'],13.76
646,8.4,52.0,['Normal'],1.0,1.0,1.0,['Summer tires'],16.15
647,14.96,95.0,['Normal'],1.0,1.0,1.0,['Summer tires'],15.75
648,8.4,53.0,['Normal'],1.0,1.0,1.0,['Summer tires'],15.85
649,13.4,32.0,['Normal'],1.0,1.0,1.0,['Summer tires'],15.22
650,1.8,20.0,['Normal'],1.0,1.0,1.0,['Summer tires'],15.22
651,0.0,0.0,[],,,,[],15.22
652,7.2,56.0,['Normal'],1.0,1.0,1.0,['Summer tires'],15.22
653,5.3,70.0,['Normal'],1.0,1.0,1.0,['Summer tires'],15.22
654,6.92,31.0,['Normal'],1.0,1.0,1.0,['Summer tires'],15.22
655,12.4,100.0,['Normal'],1.0,1.0,1.0,['Summer tires'],15.22
656,14.1,90.0,['Normal'],1.0,1.0,1.0,['Summer tires'],15.67
657,12.7,58.0,['Normal'],1.0,1.0,1.0,['Summer tires'],15.82
658,12.3,100.0,['Normal'],1.0,1.0,1.0,['Summer tires'],15.82
659,13.3,72.0,['Normal'],1.0,1.0,1.0,['Summer tires'],13.03
660,13.8,17.0,['Normal'],1.0,1.0,1.0,['Summer tires'],13.03
661,6.48,76.0,['Normal'],1.0,1.0,1.0,['Summer tires'],13.03
662,4.3,21.0,['Normal'],1.0,1.0,1.0,['Summer tires'],13.03
663,2.9,127.0,['Normal'],1.0,1.0,0.0,['Summer tires'],13.03
664,20.7,83.0,['Normal'],1.0,1.0,0.0,['Summer tires'],16.45
665,5.7,71.0,['Normal'],1.0,1.0,0.0,['Summer tires'],16.45
666,12.5,77.0,['Normal'],1.0,1.0,0.0,['Summer tires'],16.45
667,10.45,38.0,['Normal'],1.0,1.0,0.0,['Summer tires'],16.45
668,12.4,79.0,['Normal'],1.0,1.0,0.0,['Summer tires'],16.45
669,18.25,81.0,['Normal'],1.0,1.0,0.0,['Summer tires'],16.45
670,9.8,72.0,['Normal'],1.0,1.0,0.0,['Summer tires'],16.45
671,8.5,86.0,['Normal'],1.0,1.0,1.0,['Summer tires'],16.45
672,12.26,71.0,['Normal'],1.0,1.0,1.0,['Summer tires'],16.45
673,13.32,95.0,['Normal'],1.0,1.0,1.0,['Summer tires'],16.45
674,17.74,80.0,['Normal'],1.0,1.0,1.0,['Summer tires'],18.69
675,15.04,87.0,['Normal'],1.0,1.0,1.0,['Summer tires'],18.69
676,15.24,63.0,['Normal'],1.0,1.0,1.0,['Summer tires'],18.69
677,13.2,94.0,['Normal'],1.0,1.0,1.0,['Summer tires'],18.69
678,12.87,64.0,['Normal'],1.0,1.0,1.0,['Summer tires'],18.69
679,8.54,54.0,['Normal'],1.0,1.0,1.0,['Summer tires'],18.69
680,14.0,81.0,['Normal'],1.0,1.0,1.0,['Summer tires'],17.53
681,18.8,64.0,['Normal'],1.0,1.0,1.0,['Summer tires'],17.53
682,0.0,0.0,[],,,,[],17.53
683,5.8,59.0,['Normal'],1.0,1.0,1.0,['Summer tires'],17.53
684,11.22,82.0,['Normal'],1.0,1.0,1.0,['Summer tires'],17.53
685,18.0,103.0,['Normal'],1.0,1.0,1.0,['Summer tires'],17.53
686,17.67,90.0,['Normal'],1.0,1.0,1.0,['Summer tires'],17.53
687,15.15,84.0,['Normal'],1.0,1.0,1.0,['Summer tires'],17.53
688,18.23,94.0,['Normal'],1.0,1.0,1.0,['Summer tires'],17.53
689,13.6,68.0,['Normal'],1.0,1.0,1.0,['Summer tires'],17.53
690,15.7,100.0,['Normal'],1.0,1.0,1.0,['Summer tires'],17.53
691,8.0,66.0,['Normal'],1.0,1.0,1.0,['Summer tires'],17.53
692,2.0,2.0,['Normal'],1.0,1.0,1.0,['Summer tires'],14.95
693,13.4,101.0,['Normal'],1.0,1.0,1.0,['Summer tires'],14.95
694,11.2,13.0,['Normal'],1.0,1.0,1.0,['Summer tires'],16.67
695,4.8,83.0,['Normal'],1.0,1.0,1.0,['Summer tires'],16.67
696,14.0,86.0,['Normal'],1.0,1.0,1.0,['Summer tires'],16.28
697,15.0,36.0,['Normal'],1.0,1.0,1.0,['Summer tires'],13.62
698,9.1,141.0,['Normal'],1.0,1.0,1.0,['Summer tires'],13.62
699,15.0,86.0,['Normal'],1.0,1.0,1.0,['Summer tires'],17.44
700,21.4,66.0,['Normal'],1.0,1.0,1.0,['Summer tires'],15.27
701,3.8,99.0,['Normal'],1.0,1.0,1.0,['Summer tires'],15.27
702,13.4,97.0,['Normal'],1.0,1.0,1.0,['Summer tires'],13.81
703,12.6,79.0,['Normal'],1.0,1.0,1.0,['Summer tires'],15.95
704,14.1,72.0,['Normal'],1.0,1.0,1.0,['Summer tires'],15.09
705,12.3,103.0,['Normal'],1.0,1.0,1.0,['Summer tires'],15.09
706,10.2,66.0,['Normal'],1.0,1.0,1.0,['Summer tires'],15.45
707,20.0,10.0,['Normal'],1.0,1.0,1.0,['Summer tires'],14.26
708,2.5,149.0,['Normal'],1.0,1.0,1.0,['Summer tires'],14.26
709,8.5,10.0,['Normal'],1.0,1.0,1.0,['Summer tires'],14.26
710,7.5,92.0,['Normal'],1.0,1.0,1.0,['Summer tires'],14.26
711,8.0,65.0,['Normal'],1.0,1.0,1.0,['Summer tires'],14.26
712,13.4,52.0,['Normal'],1.0,1.0,1.0,['Summer tires'],15.39
713,0.0,0.0,[],,,,[],15.39
714,10.3,97.0,['Normal'],1.0,1.0,1.0,['Summer tires'],15.39
715,13.4,92.0,['Normal'],1.0,1.0,1.0,['Summer tires'],15.39
716,11.7,72.0,['Normal'],1.0,1.0,1.0,['Summer tires'],16.25
717,15.8,91.0,['Normal'],1.0,1.0,1.0,['Summer tires'],15.0
718,10.0,81.0,['Normal'],1.0,1.0,1.0,['Summer tires'],15.0
719,7.7,9.0,['Normal'],1.0,1.0,1.0,['Summer tires'],15.83
720,7.5,87.0,['Normal'],1.0,1.0,1.0,['Summer tires'],15.83
721,14.1,45.0,['Normal'],1.0,1.0,1.0,['Summer tires'],15.8
722,9.25,81.0,['Normal'],1.0,1.0,1.0,['Summer tires'],15.8
723,8.72,77.0,['Normal'],1.0,1.0,1.0,['Summer tires'],15.8
724,15.0,10.0,['Normal'],1.0,1.0,1.0,['Summer tires'],16.14
725,6.1,97.0,['Normal'],1.0,1.0,1.0,['Summer tires'],16.14
726,6.5,12.0,['Normal'],1.0,1.0,1.0,['Summer tires'],16.14
727,8.9,57.0,['Normal'],1.0,1.0,1.0,['Summer tires'],16.14
728,4.0,75.0,['Normal'],1.0,1.0,1.0,['Summer tires'],16.14
729,8.8,70.0,['Normal'],1.0,1.0,1.0,['Summer tires'],12.57
730,6.0,34.0,['Normal'],1.0,1.0,1.0,['Summer tires'],17.65
731,21.3,49.0,['Normal'],1.0,1.0,1.0,['Summer tires'],16.39
732,8.21,131.0,['Normal'],1.0,1.0,1.0,['Summer tires'],16.39
733,19.5,64.0,['Normal'],1.0,1.0,1.0,['Summer tires'],17.23
734,1.0,55.0,['Normal'],1.0,1.0,1.0,['Summer tires'],17.23
735,16.4,97.0,['Normal'],1.0,1.0,1.0,['Summer tires'],16.91
736,10.8,76.0,['Normal'],0.0,1.0,0.0,['Summer tires'],14.21
737,12.34,86.0,['Normal'],0.0,1.0,0.0,['Summer tires'],14.35
738,2.4,19.0,['Normal'],0.0,1.0,0.0,['Summer tires'],12.63
739,2.4,13.0,['Normal'],0.0,1.0,0.0,['Summer tires'],18.46
740,4.5,15.0,['Normal'],0.0,1.0,0.0,['Summer tires'],16.42
741,3.4,12.0,['Normal'],0.0,1.0,0.0,['Summer tires'],16.42
742,10.0,82.0,['Normal'],0.0,1.0,0.0,['Summer tires'],16.42
743,13.4,83.0,['Normal'],0.0,1.0,0.0,['Summer tires'],10.2
744,0.0,0.0,[],,,,[],10.2
745,13.4,6.0,['Normal'],0.0,1.0,0.0,['Summer tires'],10.2
746,4.2,91.0,['Normal'],0.0,1.0,0.0,['Summer tires'],10.2
747,11.1,99.0,['Normal'],0.0,1.0,0.0,['Summer tires'],10.2
748,4.2,32.0,['Normal'],0.0,1.0,0.0,['Summer tires'],10.2
749,7.1,24.0,['Normal'],0.0,1.0,0.0,['Summer tires'],10.2
750,3.0,218.0,['Normal'],0.0,1.0,0.0,['Summer tires'],10.2
751,15.4,85.0,['Normal'],0.0,1.0,0.0,['Summer tires'],15.74
752,9.0,70.0,['Normal'],0.0,1.0,0.0,['Summer tires'],15.74
753,13.6,61.0,['Normal'],0.0,1.0,0.0,['Summer tires'],15.63
754,8.6,81.0,['Normal'],0.0,1.0,0.0,['Summer tires'],15.63
755,11.2,86.0,['Normal'],0.0,1.0,0.0,['Summer tires'],13.02
756,14.3,76.0,['Normal'],0.0,1.0,0.0,['Summer tires'],16.06
757,4.4,15.0,['Normal'],0.0,1.0,0.0,['Summer tires'],16.06
758,24.5,178.0,['Normal'],0.0,1.0,0.0,['Summer tires'],16.06
759,5.6,35.0,['Normal'],0.0,1.0,0.0,['Summer tires'],16.0
760,13.9,73.0,['Normal'],0.0,1.0,0.0,['Summer tires'],18.31
761,13.2,75.0,['Normal'],0.0,1.0,0.0,['Summer tires'],18.31
762,11.2,25.0,['Normal'],0.0,1.0,0.0,['Summer tires'],44.8
763,10.4,106.0,['Normal'],0.0,1.0,0.0,['Summer tires'],11.63
764,11.0,78.0,['Fast'],0.0,1.0,0.0,['Summer tires'],11.63
765,14.1,81.0,['Fast'],0.0,1.0,0.0,['Summer tires'],17.41
766,20.5,48.0,['Moderate'],0.0,1.0,0.0,['Summer tires'],17.1
767,1.49,31.0,['Moderate'],0.0,1.0,0.0,['Summer tires'],17.1
768,6.4,87.0,['Moderate'],0.0,1.0,0.0,['Summer tires'],17.1
769,9.1,60.0,['Moderate'],0.0,1.0,0.0,['Summer tires'],15.17
770,18.4,107.0,['Moderate'],0.0,1.0,0.0,['Summer tires'],17.2
771,22.3,112.0,['Moderate'],0.0,1.0,0.0,['Summer tires'],16.88
772,14.3,75.0,['Moderate'],0.0,1.0,0.0,['Summer tires'],16.88
773,8.3,79.0,['Moderate'],0.0,1.0,0.0,['Summer tires'],16.88
774,9.7,26.0,['Moderate'],0.0,1.0,0.0,['Summer tires'],16.58
775,0.0,0.0,[],,,,[],16.58
776,10.2,94.0,['Moderate'],0.0,1.0,0.0,['Summer tires'],16.58
777,7.1,47.0,['Moderate'],0.0,1.0,0.0,['Summer tires'],15.11
778,12.6,84.0,['Moderate'],0.0,1.0,0.0,['Summer tires'],15.0
779,17.6,112.0,['Moderate'],1.0,1.0,0.0,['Winter tires'],15.71
780,10.4,113.0,['Moderate'],1.0,1.0,0.0,['Winter tires'],9.2
781,17.5,59.0,['Moderate'],1.0,1.0,0.0,['Winter tires'],17.64
782,4.2,64.0,['Moderate'],1.0,1.0,0.0,['Winter tires'],17.64
783,11.2,57.0,['Moderate'],1.0,1.0,0.0,['Winter tires'],19.65
784,19.14,23.0,['Moderate'],1.0,1.0,0.0,['Winter tires'],26.64
785,7.5,77.0,['Moderate'],1.0,1.0,0.0,['Winter tires'],26.64
786,11.6,94.0,['Moderate'],1.0,1.0,0.0,['Winter tires'],12.34
787,5.5,21.0,['Moderate'],1.0,1.0,0.0,['Winter tires'],20.43
788,8.8,49.0,['Moderate'],1.0,1.0,0.0,['Winter tires'],20.43
789,14.1,98.0,['Moderate'],1.0,1.0,0.0,['Winter tires'],14.39
790,13.2,37.0,['Moderate'],1.0,1.0,0.0,['Winter tires'],23.97
791,13.9,53.0,['Moderate'],1.0,1.0,0.0,['Winter tires'],23.97
792,6.1,14.0,['Moderate'],0.0,1.0,0.0,['Winter tires'],23.97
793,8.1,26.0,['Moderate'],0.0,1.0,0.0,['Winter tires'],23.97
794,11.7,32.0,['Moderate'],0.0,1.0,0.0,['Winter tires'],23.97
795,5.8,18.0,['Moderate'],0.0,1.0,0.0,['Winter tires'],23.97
796,7.7,70.0,['Moderate'],0.0,1.0,0.0,['Winter tires'],23.97
797,11.7,35.0,['Moderate'],0.0,1.0,0.0,['Winter tires'],23.97
798,12.4,57.0,['Moderate'],0.0,1.0,0.0,['Winter tires'],23.97
799,11.7,81.0,['Moderate'],0.0,1.0,0.0,['Winter tires'],23.97
800,10.6,48.0,['Moderate'],0.0,1.0,0.0,['Winter tires'],23.97
801,9.2,29.0,['Moderate'],0.0,1.0,0.0,['Winter tires'],22.88
802,19.4,96.0,['Moderate'],0.0,1.0,0.0,['Winter tires'],22.88
803,18.7,78.0,['Moderate'],0.0,1.0,0.0,['Winter tires'],23.97
804,17.9,47.0,['Moderate'],1.0,1.0,1.0,['Winter tires'],15.13
805,14.5,52.0,['Moderate'],1.0,1.0,1.0,['Winter tires'],15.13
806,0.0,0.0,[],,,,[],15.13
807,8.9,138.0,['Moderate'],1.0,1.0,1.0,['Winter tires'],15.13
808,4.4,65.0,['Moderate'],1.0,1.0,1.0,['Winter tires'],15.13
809,5.3,22.0,['Moderate'],1.0,1.0,1.0,['Winter tires'],24.09
810,11.5,51.0,['Moderate'],1.0,1.0,1.0,['Winter tires'],22.55
811,18.7,56.0,['Moderate'],1.0,1.0,1.0,['Winter tires'],21.88
812,9.9,64.0,['Moderate'],1.0,1.0,1.0,['Winter tires'],21.88
813,4.0,29.0,['Moderate'],1.0,1.0,1.0,['Winter tires'],21.88
814,20.8,84.0,['Moderate'],1.0,1.0,1.0,['Winter tires'],20.59
815,14.2,86.0,['Moderate'],1.0,1.0,1.0,['All-year tires'],20.59
816,20.89,63.0,['Moderate'],1.0,1.0,1.0,['All-year tires'],24.39
817,3.5,37.0,['Moderate'],0.0,1.0,0.0,['All-year tires'],24.39
818,14.1,77.0,['Moderate'],0.0,1.0,0.0,['All-year tires'],18.71
819,9.1,47.0,['Normal'],1.0,1.0,1.0,['Winter tires'],18.71
820,11.7,14.0,['Normal'],1.0,1.0,0.0,['Winter tires'],14.76
821,9.6,100.0,['Normal'],1.0,1.0,0.0,['Winter tires'],14.76
822,10.0,98.0,['Normal'],1.0,1.0,0.0,['Winter tires'],14.76
823,20.1,63.0,['Normal'],1.0,1.0,0.0,['Winter tires'],10.16
824,6.1,195.0,['Normal'],1.0,1.0,0.0,['Winter tires'],10.16
825,10.7,44.0,['Normal'],0.0,1.0,0.0,['Winter tires'],22.59
826,16.0,87.0,['Normal'],0.0,1.0,0.0,['Winter tires'],22.59
827,3.8,4.0,['Normal'],1.0,1.0,0.0,['Winter tires'],22.59
828,16.1,90.0,['Normal'],1.0,1.0,0.0,['Winter tires'],17.89
829,12.62,54.0,['Normal'],0.0,1.0,0.0,['Winter tires'],23.37
830,8.4,9.0,['Normal'],0.0,1.0,0.0,['Winter tires'],18.18
831,5.6,21.0,['Normal'],0.0,1.0,0.0,['Winter tires'],18.18
832,2.5,47.0,['Normal'],0.0,1.0,0.0,['Winter tires'],18.18
833,9.4,59.0,['Normal'],0.0,1.0,0.0,['Winter tires'],18.18
834,4.1,29.0,['Normal'],0.0,1.0,0.0,['Winter tires'],18.18
835,14.0,12.0,['Normal'],0.0,1.0,0.0,['Winter tires'],25.0
836,13.2,27.0,['Normal'],0.0,1.0,0.0,['Winter tires'],25.0
837,0.0,0.0,[],,,,[],25.0
838,5.8,93.0,['Normal'],0.0,1.0,0.0,['Winter tires'],25.0
839,8.3,157.0,['Normal'],0.0,1.0,0.0,['Winter tires'],5.29
840,15.4,65.0,['Normal'],0.0,1.0,0.0,['Winter tires'],20.98
841,6.0,37.0,['Normal'],0.0,1.0,0.0,['Winter tires'],20.98
842,9.1,46.0,['Normal'],0.0,1.0,0.0,['Winter tires'],19.78
843,10.8,56.0,['Normal'],0.0,1.0,0.0,['Summer tires'],15.68
844,8.0,15.0,['Normal'],0.0,1.0,0.0,['Summer tires'],15.68
845,6.0,97.0,['Normal'],0.0,1.0,0.0,['Summer tires'],15.68
846,7.5,38.0,['Normal'],0.0,1.0,0.0,['Summer tires'],15.68
847,3.5,17.0,['Normal'],0.0,1.0,0.0,['Summer tires'],20.59
848,19.7,14.0,['Normal'],0.0,1.0,0.0,['Summer tires'],22.52
849,4.62,94.0,['Normal'],1.0,0.0,0.0,['Summer tires'],22.52
850,4.1,9.0,['Normal'],1.0,0.0,0.0,['Summer tires'],11.63
851,13.0,138.0,['Normal'],1.0,0.0,0.0,['Summer tires'],11.63
852,20.4,61.0,['Normal'],1.0,0.0,0.0,['Summer tires'],17.18
853,9.8,54.0,['Normal'],1.0,0.0,0.0,['Summer tires'],17.18
854,5.81,71.0,['Normal'],1.0,0.0,0.0,['Summer tires'],17.18
855,12.45,96.0,['Normal'],1.0,0.0,0.0,['Summer tires'],17.18
856,16.6,106.0,['Normal'],1.0,1.0,0.0,['Summer tires'],12.17
857,4.0,78.0,['Normal'],1.0,0.0,0.0,['Summer tires'],12.17
858,14.0,81.0,['Normal'],1.0,0.0,0.0,['Summer tires'],12.17
859,8.0,85.0,['Normal'],1.0,1.0,0.0,['Summer tires'],12.17
860,9.3,60.0,['Normal'],0.0,1.0,1.0,['Summer tires'],15.5
861,22.6,134.0,['Normal'],1.0,1.0,1.0,['Summer tires'],16.87
862,6.4,42.0,['Normal'],1.0,1.0,0.0,['Summer tires'],15.24
863,12.4,74.0,['Normal'],1.0,1.0,0.0,['Summer tires'],16.76
864,17.6,118.0,['Normal'],1.0,1.0,0.0,['Summer tires'],14.75
865,6.3,44.0,['Normal'],1.0,1.0,0.0,['Summer tires'],14.75
866,20.7,111.0,['Normal'],1.0,1.0,0.0,['Summer tires'],17.09
867,9.2,64.0,['Normal'],1.0,1.0,1.0,['Summer tires'],17.09
868,0.0,0.0,[],,,,[],17.09
869,9.2,104.0,['Normal'],1.0,1.0,1.0,['Summer tires'],12.59
870,7.4,34.0,['Normal'],1.0,1.0,1.0,['Summer tires'],12.59
871,11.1,82.0,['Normal'],1.0,1.0,1.0,['Summer tires'],12.59
872,13.0,71.0,['Normal'],1.0,1.0,1.0,['Summer tires'],11.38
873,9.3,125.0,['Normal'],1.0,1.0,1.0,['Summer tires'],11.38
874,15.9,96.0,['Normal'],1.0,1.0,1.0,['Summer tires'],16.56
875,19.3,60.0,['Fast'],1.0,1.0,1.0,['Summer tires'],16.19
876,3.2,79.0,['Fast'],1.0,1.0,1.0,['Summer tires'],16.19
877,17.9,107.0,['Normal'],1.0,1.0,0.0,['Summer tires'],16.73
878,14.0,54.0,['Normal'],1.0,1.0,1.0,['Summer tires'],13.43
879,4.8,85.0,['Normal'],1.0,1.0,0.0,['Summer tires'],13.43
880,3.5,27.0,['Normal'],1.0,1.0,0.0,['Summer tires'],13.43
881,14.3,101.0,['Normal'],1.0,1.0,0.0,['Summer tires'],14.16
882,6.9,48.0,['Normal'],1.0,0.0,1.0,['Summer tires'],14.38
883,14.7,72.0,['Normal'],1.0,0.0,1.0,['Summer tires'],15.59
884,10.2,2.0,['Normal'],1.0,0.0,1.0,['Summer tires'],15.59
885,1.9,92.0,['Normal'],1.0,0.0,1.0,['Summer tires'],15.59
886,7.8,56.0,['Normal'],1.0,0.0,1.0,['Summer tires'],15.59
887,16.1,87.0,['Normal'],1.0,1.0,0.0,['Summer tires'],13.38
888,4.1,64.0,['Normal'],1.0,1.0,0.0,['Summer tires'],13.38
889,7.1,24.0,['Normal'],1.0,1.0,0.0,['Summer tires'],11.39
890,15.0,26.0,['Normal'],1.0,1.0,0.0,['Summer tires'],11.39
891,2.0,102.0,['Normal'],1.0,1.0,0.0,['Summer tires'],11.39
892,2.0,102.0,['Normal'],1.0,1.0,0.0,['Summer tires'],11.39
893,12.64,86.0,['Normal'],1.0,0.0,0.0,['Summer tires'],11.39
894,14.5,41.0,['Normal'],1.0,1.0,1.0,['Summer tires'],13.71
895,4.2,29.0,['Normal'],1.0,1.0,1.0,['Summer tires'],13.71
896,5.5,47.0,['Normal'],1.0,1.0,1.0,['Summer tires'],13.71
897,5.4,66.0,['Normal'],1.0,1.0,1.0,['Summer tires'],13.71
898,16.3,63.0,['Normal'],1.0,1.0,1.0,['Summer tires'],13.71
899,0.0,0.0,[],,,,[],13.71
900,2.4,59.0,['Normal'],1.0,1.0,1.0,['Summer tires'],13.71
901,1.0,2.0,['Normal'],1.0,1.0,1.0,['Summer tires'],13.71
902,12.0,140.0,['Normal'],1.0,1.0,1.0,['Summer tires'],13.71
903,3.6,17.0,['Normal'],1.0,1.0,1.0,['Summer tires'],21.18
904,13.0,70.0,['Normal'],1.0,1.0,1.0,['Summer tires'],17.09
905,21.17,130.0,['Normal'],1.0,1.0,1.0,['Summer tires'],17.09
906,10.4,16.0,['Normal'],0.0,1.0,0.0,['Summer tires'],12.91
907,5.0,87.0,['Normal'],1.0,1.0,1.0,['Summer tires'],12.91
908,8.1,79.0,['Normal'],1.0,1.0,1.0,['Summer tires'],12.91
909,8.8,24.0,['Normal'],1.0,1.0,1.0,['Summer tires'],11.77
910,10.5,140.0,['Normal'],1.0,1.0,1.0,['Summer tires'],11.77
911,14.6,61.0,['Normal'],1.0,1.0,1.0,['Summer tires'],9.37
912,7.0,184.0,['Normal'],1.0,1.0,1.0,['Summer tires'],9.37
913,7.1,70.0,['Normal'],1.0,1.0,1.0,['Summer tires'],9.37
914,4.1,35.0,['Normal'],1.0,1.0,1.0,['Summer tires'],9.37
915,15.1,101.0,['Normal'],1.0,1.0,1.0,['Summer tires'],14.95
916,18.7,76.0,['Normal'],1.0,1.0,1.0,['Summer tires'],13.87
917,4.0,77.0,['Normal'],1.0,1.0,0.0,['Summer tires'],13.87
918,2.4,28.0,['Normal'],1.0,1.0,0.0,['Summer tires'],13.87
919,17.2,80.0,['Normal'],1.0,1.0,0.0,['Summer tires'],15.8
920,5.0,2.0,['Normal'],1.0,0.0,1.0,['Summer tires'],15.8
921,7.5,106.0,['Normal'],1.0,0.0,0.0,['Summer tires'],15.8
922,17.0,109.0,['Normal'],1.0,0.0,0.0,['Summer tires'],15.72
923,16.7,95.0,['Normal'],1.0,0.0,0.0,['Summer tires'],15.72
924,4.27,27.0,['Normal'],1.0,1.0,0.0,['Summer tires'],15.72
925,7.3,57.0,['Normal'],1.0,1.0,0.0,['Summer tires'],15.72
926,1.6,22.0,['Normal'],1.0,1.0,0.0,['Summer tires'],7.27
927,2.9,22.0,['Normal'],1.0,1.0,0.0,['Summer tires'],13.18
928,4.2,50.0,['Normal'],1.0,1.0,0.0,['Summer tires'],8.4
929,9.9,64.0,['Normal'],1.0,1.0,1.0,['Summer tires'],15.47
930,0.0,0.0,[],,,,[],15.47
931,6.16,54.0,['Normal'],0.0,1.0,1.0,['Summer tires'],11.41
932,1.0,5.0,['Normal'],0.0,0.0,1.0,['Summer tires'],20.0
933,7.5,44.0,['Normal'],0.0,1.0,0.0,['Summer tires'],17.05
934,10.34,48.0,['Normal'],1.0,1.0,0.0,['Summer tires'],15.99
935,6.6,7.0,['Normal'],1.0,1.0,0.0,['Summer tires'],15.99
936,2.2,77.0,['Normal'],1.0,1.0,0.0,['Summer tires'],15.99
937,20.39,110.0,['Normal'],1.0,0.0,0.0,['Summer tires'],15.99
938,17.05,109.0,['Normal'],1.0,0.0,0.0,['Summer tires'],15.99
939,17.21,103.0,['Normal'],1.0,0.0,0.0,['Summer tires'],15.99
940,13.66,93.0,['Normal'],1.0,0.0,0.0,['Summer tires'],15.99
941,7.3,46.0,['Normal'],0.0,1.0,0.0,['Summer tires'],15.87
942,19.1,87.0,['Normal'],1.0,1.0,1.0,['Summer tires'],17.44
943,8.1,69.0,['Normal'],1.0,1.0,1.0,['Summer tires'],17.44
944,18.7,57.0,['Normal'],1.0,1.0,1.0,['Summer tires'],15.8
945,9.1,119.0,['Normal'],1.0,1.0,1.0,['Summer tires'],15.8
946,17.7,117.0,['Normal'],1.0,1.0,1.0,['Summer tires'],15.13
947,17.7,116.0,['Normal'],1.0,0.0,0.0,['Summer tires'],15.26
948,18.4,80.0,['Normal'],1.0,0.0,0.0,['Summer tires'],18.41
949,16.3,53.0,['Normal'],1.0,0.0,0.0,['Summer tires'],18.41
950,5.8,70.0,['Normal'],1.0,0.0,0.0,['Summer tires'],18.41
951,17.17,53.0,['Normal'],1.0,0.0,0.0,['Summer tires'],18.41
952,8.82,71.0,['Normal'],1.0,0.0,0.0,['Summer tires'],18.41
953,11.74,98.0,['Normal'],1.0,0.0,1.0,['Summer tires'],18.41
954,12.4,60.0,['Normal'],1.0,1.0,0.0,['Summer tires'],17.48
955,15.33,98.0,['Normal'],1.0,1.0,0.0,['Summer tires'],17.48
956,18.05,99.0,['Normal'],1.0,1.0,0.0,['Summer tires'],17.48
957,5.4,32.0,['Normal'],1.0,1.0,0.0,['Summer tires'],17.48
958,17.3,54.0,['Normal'],1.0,1.0,0.0,['Summer tires'],17.48
959,3.0,78.0,['Normal'],1.0,1.0,0.0,['Summer tires'],17.48
960,18.0,97.0,['Normal'],1.0,1.0,0.0,['Summer tires'],17.48
961,0.0,0.0,[],,,,[],17.48
962,17.0,55.0,['Normal'],1.0,1.0,0.0,['Summer tires'],17.48
963,10.12,91.0,['Normal'],1.0,1.0,0.0,['Summer tires'],17.48
964,19.02,60.0,['Normal'],1.0,0.0,0.0,['Summer tires'],17.48
965,11.52,118.0,['Normal'],1.0,0.0,0.0,['Summer tires'],17.48
966,17.9,82.0,['Normal'],1.0,0.0,1.0,['Summer tires'],18.07
967,20.62,112.0,['Normal'],1.0,0.0,1.0,['Summer tires'],18.07
968,20.31,115.0,['Normal'],1.0,0.0,0.0,['Summer tires'],18.07
969,17.6,114.0,['Normal'],1.0,1.0,0.0,['Summer tires'],18.07
970,10.12,79.0,['Normal'],1.0,1.0,1.0,['Summer tires'],12.81
971,16.94,110.0,['Normal'],1.0,1.0,1.0,['Summer tires'],15.4
972,15.8,23.0,['Normal'],1.0,0.0,1.0,['Summer tires'],15.03
973,10.8,50.0,['Normal'],1.0,1.0,1.0,['Summer tires'],15.03
974,4.22,132.0,['Normal'],1.0,1.0,1.0,['Summer tires'],15.03
975,7.4,42.0,['Normal'],1.0,1.0,1.0,['Summer tires'],17.62
976,9.7,72.0,['Normal'],1.0,1.0,1.0,['Summer tires'],13.47
977,7.5,44.0,['Normal'],1.0,1.0,1.0,['Summer tires'],17.05
978,8.2,45.0,['Normal'],1.0,1.0,1.0,['Summer tires'],18.22
979,14.4,99.0,['Normal'],1.0,0.0,0.0,['All-year tires'],14.55
980,15.6,367.0,['Normal'],1.0,0.0,0.0,['All-year tires'],4.25
981,14.7,18.0,['Normal'],0.0,1.0,0.0,['Summer tires'],16.2
982,2.8,90.0,['Normal'],0.0,1.0,0.0,['Summer tires'],16.2
983,8.9,60.0,['Normal'],0.0,1.0,0.0,['Summer tires'],14.83
984,21.1,104.0,['Normal'],1.0,1.0,0.0,['Summer tires'],17.4
985,15.25,94.0,['Normal'],1.0,0.0,0.0,['All-year tires'],17.4
986,16.88,72.0,['Normal'],1.0,0.0,0.0,['All-year tires'],17.4
987,11.27,78.0,['Normal'],1.0,0.0,0.0,['All-year tires'],17.4
988,13.64,82.0,['Normal'],1.0,1.0,0.0,['All-year tires'],17.4
989,14.2,79.0,['Normal'],1.0,0.0,0.0,['All-year tires'],17.4
990,12.23,73.0,['Normal'],1.0,0.0,0.0,['All-year tires'],17.4
991,19.43,109.0,['Normal'],1.0,0.0,0.0,['All-year tires'],17.4
992,0.0,0.0,[],,,,[],17.4
993,11.71,89.0,['Normal'],1.0,0.0,0.0,['All-year tires'],17.4
994,17.4,54.0,['Normal'],0.0,1.0,0.0,['Summer tires'],17.12
995,12.43,51.0,['Normal'],0.0,1.0,0.0,['Summer tires'],17.12
996,10.0,80.0,['Normal'],0.0,1.0,0.0,['Summer tires'],17.12
997,8.8,99.0,['Normal'],0.0,1.0,0.0,['Summer tires'],17.12
998,4.9,33.0,['Normal'],0.0,1.0,0.0,['Summer tires'],14.85
999,17.4,122.0,['Normal'],0.0,1.0,0.0,['Summer tires'],14.26
1000,23.2,93.0,['Normal'],0.0,1.0,0.0,['Summer tires'],16.64
1001,9.9,58.0,['Normal'],0.0,1.0,0.0,['Summer tires'],16.64
1002,2.0,60.0,['Normal'],1.0,1.0,0.0,['Winter tires'],16.64
1003,6.2,39.0,['Normal'],1.0,1.0,0.0,['All-year tires'],15.9
1004,11.7,73.0,['Normal'],0.0,1.0,0.0,['Winter tires'],16.03
1005,22.0,107.0,['Normal'],0.0,1.0,0.0,['Winter tires'],17.03
1006,12.4,95.0,['Normal'],0.0,1.0,0.0,['Winter tires'],17.03
1007,1.1,11.0,['Normal'],0.0,1.0,0.0,['Winter tires'],10.0
1008,17.8,103.0,['Normal'],1.0,1.0,0.0,['Winter tires'],17.28
1009,23.0,124.0,['Normal'],0.0,1.0,0.0,['Winter tires'],17.12
1010,2.0,22.0,['Normal'],0.0,1.0,0.0,['Winter tires'],17.12
1011,7.0,36.0,['Normal'],0.0,1.0,0.0,['Winter tires'],19.44
1012,21.5,57.0,['Normal'],0.0,1.0,0.0,['Winter tires'],18.95
1013,5.6,86.0,['Normal'],1.0,1.0,0.0,['Winter tires'],18.95
1014,19.5,49.0,['Normal'],1.0,1.0,0.0,['Winter tires'],19.39
1015,7.3,59.0,['Moderate'],1.0,0.0,0.0,['Winter tires'],19.39
1016,12.8,56.0,['Moderate'],1.0,0.0,0.0,['Winter tires'],19.39
1017,18.0,103.0,['Moderate'],1.0,0.0,0.0,['Winter tires'],19.39
1018,15.0,77.0,['Moderate'],1.0,0.0,0.0,['Winter tires'],19.39
1019,11.3,43.0,['Moderate'],1.0,0.0,0.0,['Winter tires'],19.39
1020,10.2,19.0,['Moderate'],1.0,0.0,0.0,['Winter tires'],19.39
1021,18.0,123.0,['Moderate'],1.0,0.0,0.0,['Winter tires'],19.39
1022,14.3,103.0,['Moderate'],1.0,0.0,0.0,['Winter tires'],19.39
1023,0.0,0.0,[],,,,[],19.39
1024,14.75,96.0,['Moderate'],1.0,0.0,1.0,['Winter tires'],19.39
1025,2.44,15.0,['Moderate'],0.0,1.0,1.0,['Winter tires'],12.48
1026,5.8,51.0,['Moderate'],0.0,1.0,1.0,['Winter tires'],12.48
1027,21.12,84.0,['Moderate'],1.0,0.0,1.0,['Winter tires'],18.74
1028,10.0,27.0,['Moderate'],1.0,0.0,0.0,['Winter tires'],18.74
1029,6.0,95.0,['Moderate'],1.0,0.0,0.0,['Winter tires'],18.74
1030,19.1,55.0,['Moderate'],1.0,0.0,0.0,['Winter tires'],18.74
1031,3.3,56.0,['Moderate'],1.0,0.0,1.0,['Winter tires'],18.74
1032,16.0,71.0,['Moderate'],1.0,0.0,0.0,['Winter tires'],18.74
1033,15.81,79.0,['Moderate'],1.0,0.0,0.0,['Winter tires'],18.74
1034,15.47,103.0,['Moderate'],1.0,0.0,0.0,['Winter tires'],18.74
1035,20.0,105.0,['Moderate'],1.0,0.0,0.0,['Winter tires'],19.05
1036,4.0,25.0,['Moderate'],0.0,1.0,0.0,['Winter tires'],16.0
1037,18.2,25.0,['Moderate'],0.0,1.0,0.0,['Winter tires'],17.35
1038,5.4,111.0,['Moderate'],0.0,1.0,0.0,['Winter tires'],17.35
1039,9.3,38.0,['Moderate'],0.0,1.0,0.0,['Winter tires'],24.47
1040,18.5,3.0,['Moderate'],0.0,1.0,0.0,['Winter tires'],18.81
1041,2.0,106.0,['Moderate'],0.0,1.0,0.0,['Winter tires'],18.81
1042,17.4,177.0,['Moderate'],0.0,1.0,0.0,['Winter tires'],15.04
1043,20.8,84.0,['Moderate'],1.0,1.0,0.0,['Winter tires'],15.04
1044,7.0,62.0,['Moderate'],1.0,1.0,0.0,['Winter tires'],15.04
1045,5.0,23.0,['Moderate'],1.0,1.0,0.0,['Winter tires'],15.04
1046,14.0,81.0,['Moderate'],1.0,1.0,0.0,['Winter tires'],15.04
1047,9.6,94.0,['Moderate'],1.0,1.0,0.0,['Winter tires'],10.21
1048,20.0,102.0,['Moderate'],1.0,1.0,0.0,['Winter tires'],19.61
1049,14.9,70.0,['Moderate'],0.0,1.0,0.0,['Winter tires'],21.29
1050,19.0,125.0,['Moderate'],0.0,1.0,0.0,['Winter tires'],3.51
1051,14.0,815.0,['Moderate'],0.0,1.0,0.0,['Winter tires'],3.51
1052,1.3,3.0,['Moderate'],0.0,1.0,0.0,['Winter tires'],43.33
1053,5.3,13.0,['Moderate'],0.0,1.0,0.0,['Winter tires'],40.77
1054,0.0,0.0,[],,,,[],40.77
1055,10.2,37.0,['Normal'],0.0,1.0,0.0,['Winter tires'],27.57
1056,10.2,23.0,['Moderate'],0.0,1.0,0.0,['Winter tires'],26.46
1057,2.5,25.0,['Moderate'],0.0,1.0,0.0,['Winter tires'],26.46
1058,10.1,37.0,['Moderate'],0.0,1.0,0.0,['Winter tires'],23.21
1059,8.0,41.0,['Moderate'],0.0,1.0,0.0,['Winter tires'],23.21
1060,1.67,2.0,['Moderate'],0.0,1.0,0.0,['Winter tires'],34.38
1061,5.55,19.0,['Normal'],1.0,1.0,1.0,['Winter tires'],34.38
1062,15.0,66.0,['Normal'],1.0,0.0,1.0,['Winter tires'],22.73
1063,9.21,76.0,['Normal'],1.0,0.0,1.0,['Winter tires'],10.64
1064,7.61,96.0,['Normal'],1.0,0.0,1.0,['Winter tires'],10.64
1065,11.88,89.0,['Normal'],1.0,0.0,1.0,['Winter tires'],10.64
1066,5.78,63.0,['Normal'],1.0,0.0,1.0,['Winter tires'],10.64
1067,15.02,50.0,['Normal'],1.0,0.0,1.0,['Winter tires'],23.57
1068,6.38,6.0,['Normal'],0.0,1.0,1.0,['Winter tires'],23.57
1069,13.96,63.0,['Normal'],0.0,1.0,1.0,['Winter tires'],23.57
1070,3.3,45.0,['Normal'],1.0,0.0,1.0,['Winter tires'],23.57
1071,8.58,37.0,['Normal'],1.0,0.0,1.0,['Winter tires'],23.19
1072,14.3,69.0,['Normal'],1.0,0.0,1.0,['Winter tires'],20.72
1073,15.2,67.0,['Normal'],1.0,0.0,1.0,['Winter tires'],22.69
1074,7.18,38.0,['Normal'],0.0,1.0,1.0,['Winter tires'],18.89
1075,17.29,57.0,['Normal'],0.0,1.0,1.0,['Winter tires'],30.33
1076,13.56,33.0,['Normal'],0.0,1.0,1.0,['Winter tires'],25.53
1077,3.8,35.0,['Normal'],0.0,1.0,1.0,['Winter tires'],25.53
1078,14.7,67.0,['Normal'],0.0,1.0,1.0,['Winter tires'],20.24
1079,4.18,13.0,['Normal'],0.0,1.0,1.0,['Winter tires'],20.24
1080,2.78,27.0,['Normal'],0.0,1.0,1.0,['Winter tires'],20.24
1081,14.7,75.0,['Normal'],0.0,1.0,1.0,['Summer tires'],19.6
1082,10.41,38.0,['Normal'],0.0,1.0,1.0,['Summer tires'],27.39
1083,18.7,59.0,['Normal'],0.0,1.0,1.0,['Summer tires'],21.34
1084,2.0,38.0,['Normal'],1.0,1.0,0.0,['Summer tires'],21.34
